subreddit_id,subreddit,timestep,num_nodes,num_edges,num_communities,modularity,min_comm_size,max_comm_size,mean_comm_size,echogae_eci,debgnn_eci,comm_sizes,echogae_comm_eci,debgnn_comm_eci,echogae_silhouette,debgnn_silhouette,delta_echogae_eci,delta_debgnn_eci,interval,actual_window_size
0,brexit,0,29,84,3,0.238,6,13,9.7,0.492,0.526,"[13, 10, 6]","[0.395, 0.662, 0.419]","[0.584, 0.469, 0.495]",-0.096,-0.0412,,,2016-06-21 - 2017-10-13,479
0,brexit,1,30,79,2,0.213,9,21,15.0,0.558,0.53,"[21, 9]","[0.578, 0.512]","[0.526, 0.538]",0.0592,-0.0052,0.066,0.004,2017-10-14 - 2017-12-12,54
0,brexit,2,31,59,2,0.064,3,28,15.5,0.481,0.501,"[28, 3]","[0.455, 0.725]","[0.493, 0.58]",-0.0914,-0.0627,-0.077,-0.029,2017-12-13 - 2018-02-10,58
0,brexit,3,43,107,4,0.305,4,14,10.8,0.483,0.494,"[14, 13, 12, 4]","[0.526, 0.452, 0.442, 0.559]","[0.5, 0.453, 0.517, 0.538]",-0.1192,-0.0939,0.002,-0.007,2018-02-11 - 2018-04-11,59
0,brexit,4,53,134,4,0.328,11,14,13.2,0.466,0.492,"[14, 14, 14, 11]","[0.415, 0.576, 0.418, 0.455]","[0.465, 0.515, 0.469, 0.527]",-0.1328,-0.0841,-0.017,-0.002,2018-04-12 - 2018-06-10,58
0,brexit,5,71,266,3,0.279,22,26,23.7,0.477,0.489,"[26, 23, 22]","[0.5, 0.545, 0.378]","[0.53, 0.461, 0.47]",-0.0826,-0.0595,0.011,-0.003,2018-06-11 - 2018-08-09,58
0,brexit,6,79,187,2,0.296,36,43,39.5,0.509,0.509,"[43, 36]","[0.513, 0.505]","[0.523, 0.493]",-0.0057,-0.0053,0.032,0.02,2018-08-10 - 2018-10-08,59
0,brexit,7,94,176,2,0.033,4,90,47.0,0.493,0.514,"[90, 4]","[0.484, 0.712]","[0.513, 0.553]",-0.0304,0.0077,-0.016,0.005,2018-10-09 - 2018-12-07,59
0,brexit,8,187,611,6,0.339,12,48,31.2,0.421,0.459,"[48, 38, 34, 32, 23, 12]","[0.372, 0.395, 0.376, 0.45, 0.573, 0.46]","[0.431, 0.494, 0.44, 0.437, 0.478, 0.53]",-0.1848,-0.1122,-0.072,-0.055,2018-12-08 - 2019-02-05,59
0,brexit,9,271,1090,6,0.303,11,70,45.2,0.477,0.471,"[70, 68, 65, 36, 21, 11]","[0.484, 0.473, 0.461, 0.493, 0.5, 0.452]","[0.466, 0.445, 0.483, 0.513, 0.464, 0.462]",-0.0676,-0.0792,0.056,0.012,2019-02-06 - 2019-04-06,59
0,brexit,10,214,555,3,0.014,3,208,71.3,0.349,0.423,"[208, 3, 3]","[0.341, 0.52, 0.77]","[0.418, 0.517, 0.657]",-0.3124,-0.167,-0.128,-0.048,2019-04-07 - 2019-06-05,59
0,brexit,11,261,943,3,0.017,5,251,87.0,0.442,0.386,"[251, 5, 5]","[0.438, 0.45, 0.63]","[0.379, 0.725, 0.413]",-0.1266,-0.2358,0.093,-0.037,2019-06-06 - 2019-08-04,59
0,brexit,12,330,1414,6,0.277,12,76,55.0,0.464,0.472,"[76, 68, 67, 66, 41, 12]","[0.469, 0.524, 0.474, 0.411, 0.451, 0.36]","[0.493, 0.452, 0.465, 0.46, 0.492, 0.491]",-0.0884,-0.073,0.022,0.086,2019-08-05 - 2019-10-03,59
0,brexit,13,265,697,2,0.009,4,261,132.5,0.632,0.546,"[261, 4]","[0.633, 0.507]","[0.544, 0.692]",0.2577,0.088,0.168,0.074,2019-10-04 - 2019-12-02,59
0,brexit,14,307,1196,7,0.3,7,74,43.9,0.444,0.458,"[74, 63, 49, 46, 41, 27, 7]","[0.444, 0.443, 0.497, 0.42, 0.367, 0.516, 0.43]","[0.446, 0.448, 0.454, 0.478, 0.456, 0.464, 0.567]",-0.1308,-0.1041,-0.188,-0.088,2019-12-03 - 2020-01-31,59
0,brexit,15,291,1194,6,0.296,39,61,48.5,0.448,0.47,"[61, 59, 48, 45, 39, 39]","[0.4, 0.431, 0.454, 0.466, 0.444, 0.521]","[0.475, 0.45, 0.453, 0.47, 0.465, 0.518]",-0.1231,-0.079,0.004,0.012,2020-02-01 - 2020-03-31,59
0,brexit,16,206,606,2,0.013,5,201,103.0,0.351,0.508,"[201, 5]","[0.34, 0.79]","[0.505, 0.645]",-0.3044,0.008,-0.097,0.038,2020-04-01 - 2020-05-30,59
0,brexit,17,257,1007,5,0.295,30,84,51.4,0.441,0.49,"[84, 63, 45, 35, 30]","[0.417, 0.468, 0.395, 0.432, 0.527]","[0.489, 0.485, 0.487, 0.498, 0.495]",-0.1356,-0.0399,0.09,-0.018,2020-05-31 - 2020-07-29,59
0,brexit,18,264,947,2,0.004,3,261,132.0,0.4,0.428,"[261, 3]","[0.397, 0.685]","[0.423, 0.85]",-0.2062,-0.1483,-0.041,-0.062,2020-07-30 - 2020-09-27,59
0,brexit,19,265,892,2,0.004,3,262,132.5,0.308,0.447,"[262, 3]","[0.302, 0.827]","[0.444, 0.708]",-0.388,-0.1122,-0.092,0.019,2020-09-28 - 2020-11-26,59
0,brexit,20,331,1377,3,0.025,5,312,110.3,0.369,0.466,"[312, 14, 5]","[0.355, 0.616, 0.515]","[0.461, 0.531, 0.568]",-0.2692,-0.0773,0.061,0.019,2020-11-27 - 2021-01-25,57
0,brexit,21,221,542,2,0.022,7,214,110.5,0.575,0.51,"[214, 7]","[0.578, 0.492]","[0.51, 0.527]",0.1424,0.0121,0.206,0.044,2021-01-26 - 2021-03-26,49
0,brexit,22,186,417,3,0.028,3,178,62.0,0.537,0.474,"[178, 5, 3]","[0.538, 0.471, 0.605]","[0.469, 0.627, 0.475]",0.0611,-0.0662,-0.038,-0.036,2021-03-27 - 2021-05-18,51
1,blacklivesmatter,0,364,328,38,0.799,3,144,9.6,0.442,0.284,"[144, 14, 11, 11, 11, 10, 9, 7, 7, 7, 7, 7, 6, 6, 6, 5, 5, 5, 5, 5, 5, 5, 5, 5, 5, 4, 4, 4, 4, 4, 4, 4, 4, 4, 4, 4, 4, 3]","[0.394, 0.412, 0.401, 0.407, 0.412, 0.423, 0.42, 0.469, 0.458, 0.466, 0.436, 0.513, 0.477, 0.531, 0.448, 0.514, 0.453, 0.464, 0.561, 0.503, 0.495, 0.384, 0.492, 0.489, 0.497, 0.569, 0.572, 0.49, 0.524, 0.483, 0.478, 0.597, 0.512, 0.637, 0.584, 0.551, 0.479, 0.54]","[0.245, 0.29, 0.219, 0.287, 0.26, 0.264, 0.249, 0.287, 0.288, 0.277, 0.262, 0.241, 0.307, 0.287, 0.245, 0.302, 0.284, 0.438, 0.267, 0.262, 0.346, 0.344, 0.287, 0.283, 0.335, 0.315, 0.293, 0.347, 0.682, 0.296, 0.281, 0.255, 0.319, 0.567, 0.331, 0.382, 0.385, 0.866]",-0.2137,-0.4944,,,2020-05-27 - 2020-06-25,29
1,blacklivesmatter,1,200,175,26,0.909,4,43,7.7,0.469,0.325,"[43, 20, 12, 10, 9, 9, 7, 7, 6, 6, 6, 5, 5, 5, 5, 5, 4, 4, 4, 4, 4, 4, 4, 4, 4, 4]","[0.424, 0.422, 0.432, 0.415, 0.502, 0.46, 0.448, 0.413, 0.477, 0.449, 0.492, 0.447, 0.425, 0.498, 0.532, 0.561, 0.557, 0.575, 0.538, 0.532, 0.545, 0.526, 0.568, 0.591, 0.583, 0.547]","[0.25, 0.257, 0.256, 0.319, 0.282, 0.284, 0.429, 0.335, 0.341, 0.316, 0.399, 0.288, 0.315, 0.329, 0.468, 0.788, 0.324, 0.348, 0.452, 0.284, 0.413, 0.332, 0.571, 0.408, 0.34, 0.3]",-0.1869,-0.4385,0.027,0.041,2020-06-26 - 2020-07-25,29
1,blacklivesmatter,2,95,77,18,0.938,4,8,5.3,0.486,0.371,"[8, 8, 7, 7, 7, 5, 5, 5, 5, 5, 5, 4, 4, 4, 4, 4, 4, 4]","[0.432, 0.423, 0.484, 0.394, 0.456, 0.47, 0.446, 0.503, 0.501, 0.48, 0.595, 0.506, 0.654, 0.558, 0.467, 0.464, 0.555, 0.541]","[0.306, 0.525, 0.297, 0.371, 0.302, 0.269, 0.611, 0.281, 0.334, 0.545, 0.329, 0.506, 0.312, 0.331, 0.32, 0.4, 0.331, 0.297]",-0.2058,-0.3901,0.017,0.046,2020-07-26 - 2020-08-24,29
1,blacklivesmatter,3,100,88,13,0.864,4,26,7.7,0.476,0.424,"[26, 12, 10, 9, 8, 5, 5, 5, 4, 4, 4, 4, 4]","[0.432, 0.423, 0.479, 0.453, 0.48, 0.52, 0.511, 0.479, 0.61, 0.505, 0.535, 0.572, 0.537]","[0.375, 0.408, 0.414, 0.468, 0.449, 0.409, 0.393, 0.537, 0.42, 0.403, 0.521, 0.506, 0.425]",-0.1725,-0.2635,-0.01,0.053,2020-08-25 - 2020-09-23,29
1,blacklivesmatter,4,97,80,17,0.926,4,12,5.7,0.473,0.369,"[12, 9, 9, 8, 7, 6, 5, 5, 4, 4, 4, 4, 4, 4, 4, 4, 4]","[0.415, 0.384, 0.41, 0.471, 0.477, 0.417, 0.472, 0.611, 0.493, 0.466, 0.501, 0.545, 0.537, 0.546, 0.513, 0.559, 0.525]","[0.311, 0.339, 0.315, 0.359, 0.347, 0.365, 0.322, 0.324, 0.475, 0.348, 0.451, 0.439, 0.357, 0.362, 0.366, 0.743, 0.331]",-0.2186,-0.3867,-0.003,-0.055,2020-09-24 - 2020-10-23,29
1,blacklivesmatter,5,84,74,10,0.844,4,23,8.4,0.479,0.446,"[23, 12, 11, 7, 7, 6, 6, 4, 4, 4]","[0.432, 0.485, 0.506, 0.506, 0.461, 0.419, 0.493, 0.607, 0.545, 0.518]","[0.401, 0.435, 0.442, 0.454, 0.524, 0.516, 0.415, 0.449, 0.476, 0.508]",-0.1538,-0.2144,0.006,0.077,2020-10-24 - 2020-11-22,29
1,blacklivesmatter,6,30,24,6,0.819,4,7,5.0,0.46,0.444,"[7, 6, 5, 4, 4, 4]","[0.383, 0.49, 0.412, 0.549, 0.585, 0.394]","[0.321, 0.329, 0.505, 0.364, 0.456, 0.826]",-0.2607,-0.2517,-0.019,-0.002,2020-11-23 - 2020-12-22,28
1,blacklivesmatter,7,21,16,5,0.797,4,5,4.2,0.475,0.5,"[5, 4, 4, 4, 4]","[0.369, 0.39, 0.576, 0.49, 0.575]","[0.427, 0.405, 0.52, 0.572, 0.597]",-0.261,-0.2069,0.015,0.056,2020-12-23 - 2021-01-21,29
1,blacklivesmatter,8,19,15,4,0.72,4,7,4.8,0.469,0.488,"[7, 4, 4, 4]","[0.417, 0.54, 0.579, 0.382]","[0.458, 0.5, 0.51, 0.505]",-0.2553,-0.2213,-0.006,-0.012,2021-01-23 - 2021-03-17,53
1,blacklivesmatter,9,74,61,13,0.901,4,12,5.7,0.492,0.377,"[12, 9, 9, 5, 5, 5, 5, 4, 4, 4, 4, 4, 4]","[0.433, 0.438, 0.517, 0.46, 0.503, 0.56, 0.482, 0.523, 0.552, 0.538, 0.519, 0.522, 0.482]","[0.348, 0.305, 0.319, 0.315, 0.414, 0.392, 0.36, 0.364, 0.775, 0.35, 0.48, 0.382, 0.332]",-0.1885,-0.369,0.023,-0.111,2021-03-28 - 2021-05-19,51
2,climate,0,84,98,4,0.207,4,70,21.0,0.488,0.399,"[70, 6, 4, 4]","[0.468, 0.569, 0.58, 0.622]","[0.363, 0.575, 0.575, 0.588]",-0.0701,-0.2429,,,2015-01-03 - 2015-04-02,88
2,climate,1,73,83,2,0.287,16,57,36.5,0.536,0.508,"[57, 16]","[0.536, 0.536]","[0.499, 0.538]",0.0459,-0.0097,0.048,0.109,2015-04-03 - 2015-07-01,85
2,climate,2,101,105,4,0.178,4,88,25.2,0.471,0.419,"[88, 5, 4, 4]","[0.458, 0.525, 0.567, 0.614]","[0.405, 0.413, 0.644, 0.521]",-0.096,-0.194,-0.065,-0.089,2015-07-02 - 2015-09-29,88
2,climate,3,81,80,3,0.142,4,73,27.0,0.514,0.414,"[73, 4, 4]","[0.51, 0.528, 0.562]","[0.392, 0.581, 0.635]",-0.0095,-0.1998,0.043,-0.005,2015-09-30 - 2015-12-28,87
2,climate,4,81,87,3,0.151,4,72,27.0,0.477,0.45,"[72, 5, 4]","[0.455, 0.555, 0.773]","[0.435, 0.595, 0.536]",-0.0773,-0.1349,-0.037,0.036,2015-12-29 - 2016-03-27,89
2,climate,5,66,69,2,0.083,4,62,33.0,0.522,0.513,"[62, 4]","[0.519, 0.582]","[0.51, 0.559]",0.0147,-0.0034,0.045,0.063,2016-03-28 - 2016-06-25,85
2,climate,6,101,94,7,0.531,4,64,14.4,0.47,0.373,"[64, 9, 8, 6, 5, 5, 4]","[0.433, 0.473, 0.523, 0.543, 0.585, 0.585, 0.542]","[0.328, 0.344, 0.585, 0.578, 0.381, 0.42, 0.366]",-0.1272,-0.3057,-0.052,-0.14,2016-06-26 - 2016-09-23,87
2,climate,7,179,175,8,0.387,4,133,22.4,0.454,0.316,"[133, 13, 8, 7, 6, 4, 4, 4]","[0.438, 0.431, 0.499, 0.501, 0.495, 0.585, 0.546, 0.588]","[0.278, 0.288, 0.387, 0.528, 0.436, 0.409, 0.342, 0.865]",-0.1357,-0.3964,-0.016,-0.057,2016-09-24 - 2016-12-22,89
2,climate,8,103,93,11,0.642,4,54,9.4,0.477,0.382,"[54, 9, 6, 6, 4, 4, 4, 4, 4, 4, 4]","[0.438, 0.497, 0.48, 0.53, 0.523, 0.516, 0.545, 0.532, 0.529, 0.563, 0.536]","[0.329, 0.357, 0.364, 0.388, 0.546, 0.479, 0.591, 0.549, 0.442, 0.379, 0.473]",-0.1516,-0.3247,0.023,0.066,2016-12-23 - 2017-03-22,86
2,climate,9,72,67,7,0.753,4,24,10.3,0.471,0.431,"[24, 20, 10, 6, 4, 4, 4]","[0.421, 0.427, 0.463, 0.52, 0.624, 0.767, 0.481]","[0.388, 0.377, 0.502, 0.562, 0.452, 0.506, 0.482]",-0.1437,-0.2229,-0.006,0.049,2017-03-23 - 2017-06-20,86
2,climate,10,74,73,5,0.378,4,54,14.8,0.466,0.448,"[54, 6, 5, 5, 4]","[0.438, 0.544, 0.499, 0.512, 0.635]","[0.418, 0.53, 0.616, 0.448, 0.516]",-0.1329,-0.1638,-0.005,0.017,2017-06-21 - 2017-09-18,85
2,climate,11,42,37,5,0.717,4,17,8.4,0.502,0.486,"[17, 10, 6, 5, 4]","[0.455, 0.455, 0.562, 0.616, 0.588]","[0.432, 0.542, 0.489, 0.539, 0.498]",-0.1056,-0.141,0.036,0.038,2017-09-19 - 2017-12-17,82
2,climate,12,87,76,11,0.841,4,22,7.9,0.488,0.411,"[22, 18, 10, 6, 5, 5, 5, 4, 4, 4, 4]","[0.446, 0.481, 0.486, 0.493, 0.498, 0.472, 0.529, 0.595, 0.561, 0.526, 0.495]","[0.368, 0.37, 0.388, 0.433, 0.429, 0.435, 0.416, 0.416, 0.532, 0.576, 0.499]",-0.1479,-0.2849,-0.014,-0.075,2017-12-18 - 2018-03-17,86
2,climate,13,68,59,9,0.814,4,21,7.6,0.474,0.406,"[21, 11, 10, 5, 5, 4, 4, 4, 4]","[0.409, 0.409, 0.485, 0.483, 0.663, 0.405, 0.681, 0.531, 0.527]","[0.356, 0.379, 0.363, 0.407, 0.53, 0.515, 0.403, 0.501, 0.499]",-0.1703,-0.2979,-0.014,-0.005,2018-03-18 - 2018-06-15,89
2,climate,14,102,90,12,0.851,4,29,8.5,0.486,0.397,"[29, 13, 9, 8, 7, 7, 6, 6, 5, 4, 4, 4]","[0.451, 0.472, 0.474, 0.574, 0.489, 0.498, 0.547, 0.441, 0.523, 0.48, 0.511, 0.527]","[0.333, 0.337, 0.376, 0.62, 0.333, 0.349, 0.522, 0.427, 0.465, 0.389, 0.572, 0.377]",-0.1402,-0.2968,0.012,-0.009,2018-06-16 - 2018-09-13,88
2,climate,15,174,171,9,0.659,4,86,19.3,0.439,0.407,"[86, 35, 21, 7, 7, 5, 5, 4, 4]","[0.426, 0.417, 0.426, 0.457, 0.473, 0.485, 0.459, 0.689, 0.577]","[0.389, 0.379, 0.435, 0.475, 0.399, 0.515, 0.428, 0.57, 0.453]",-0.1678,-0.2311,-0.047,0.01,2018-09-14 - 2018-12-12,87
2,climate,16,174,175,8,0.352,4,132,21.8,0.453,0.319,"[132, 13, 6, 5, 5, 5, 4, 4]","[0.436, 0.447, 0.505, 0.496, 0.533, 0.596, 0.526, 0.548]","[0.297, 0.321, 0.285, 0.371, 0.312, 0.313, 0.826, 0.519]",-0.1385,-0.391,0.014,-0.088,2018-12-13 - 2019-03-12,89
2,climate,17,309,333,7,0.191,4,269,44.1,0.473,0.406,"[269, 14, 7, 6, 5, 4, 4]","[0.468, 0.45, 0.517, 0.509, 0.555, 0.569, 0.582]","[0.398, 0.409, 0.422, 0.441, 0.513, 0.637, 0.495]",-0.0764,-0.2073,0.02,0.087,2019-03-13 - 2019-06-10,89
2,climate,18,426,440,18,0.284,4,341,23.7,0.416,0.353,"[341, 11, 6, 5, 5, 5, 5, 5, 5, 5, 5, 4, 4, 4, 4, 4, 4, 4]","[0.392, 0.437, 0.484, 0.526, 0.49, 0.596, 0.583, 0.551, 0.517, 0.452, 0.533, 0.461, 0.585, 0.452, 0.479, 0.622, 0.51, 0.518]","[0.336, 0.396, 0.399, 0.412, 0.368, 0.395, 0.356, 0.512, 0.377, 0.378, 0.531, 0.446, 0.432, 0.406, 0.438, 0.609, 0.382, 0.406]",-0.2088,-0.329,-0.057,-0.053,2019-06-11 - 2019-09-08,89
2,climate,19,400,439,10,0.14,4,359,40.0,0.414,0.398,"[359, 7, 5, 5, 4, 4, 4, 4, 4, 4]","[0.403, 0.48, 0.569, 0.509, 0.581, 0.491, 0.483, 0.561, 0.486, 0.49]","[0.389, 0.445, 0.436, 0.427, 0.532, 0.44, 0.548, 0.539, 0.501, 0.492]",-0.1952,-0.2264,-0.002,0.045,2019-09-09 - 2019-12-07,89
2,climate,20,360,358,19,0.427,4,254,18.9,0.428,0.347,"[254, 15, 8, 8, 7, 6, 6, 6, 5, 5, 5, 5, 5, 5, 4, 4, 4, 4, 4]","[0.404, 0.443, 0.445, 0.486, 0.488, 0.485, 0.453, 0.427, 0.522, 0.579, 0.498, 0.452, 0.475, 0.503, 0.592, 0.494, 0.527, 0.423, 0.553]","[0.32, 0.333, 0.368, 0.453, 0.412, 0.409, 0.358, 0.354, 0.542, 0.523, 0.406, 0.416, 0.335, 0.363, 0.442, 0.49, 0.645, 0.373, 0.496]",-0.1942,-0.3484,0.014,-0.051,2019-12-08 - 2020-03-06,88
2,climate,21,223,206,20,0.633,4,121,11.2,0.442,0.346,"[121, 11, 9, 7, 7, 7, 5, 5, 5, 5, 5, 4, 4, 4, 4, 4, 4, 4, 4, 4]","[0.4, 0.452, 0.447, 0.437, 0.484, 0.444, 0.483, 0.516, 0.453, 0.497, 0.517, 0.479, 0.558, 0.475, 0.556, 0.428, 0.552, 0.617, 0.6, 0.524]","[0.319, 0.34, 0.409, 0.399, 0.717, 0.316, 0.323, 0.327, 0.336, 0.333, 0.322, 0.363, 0.342, 0.429, 0.352, 0.354, 0.333, 0.329, 0.39, 0.318]",-0.2022,-0.3702,0.014,-0.001,2020-03-07 - 2020-06-04,88
2,climate,22,245,243,11,0.286,4,197,22.3,0.427,0.36,"[197, 7, 6, 5, 5, 5, 4, 4, 4, 4, 4]","[0.411, 0.455, 0.437, 0.48, 0.552, 0.576, 0.44, 0.501, 0.49, 0.505, 0.547]","[0.335, 0.383, 0.47, 0.527, 0.445, 0.526, 0.497, 0.461, 0.435, 0.434, 0.49]",-0.1878,-0.3191,-0.015,0.014,2020-06-05 - 2020-09-02,89
2,climate,23,302,298,13,0.288,4,243,23.2,0.417,0.35,"[243, 8, 6, 6, 5, 5, 5, 4, 4, 4, 4, 4, 4]","[0.396, 0.438, 0.491, 0.428, 0.498, 0.499, 0.476, 0.561, 0.437, 0.625, 0.486, 0.539, 0.643]","[0.33, 0.348, 0.353, 0.396, 0.388, 0.381, 0.397, 0.376, 0.756, 0.497, 0.482, 0.464, 0.533]",-0.2073,-0.3342,-0.01,-0.01,2020-09-03 - 2020-12-01,88
2,climate,24,194,182,15,0.52,4,123,12.9,0.442,0.338,"[123, 9, 6, 6, 6, 6, 5, 5, 4, 4, 4, 4, 4, 4, 4]","[0.406, 0.446, 0.456, 0.471, 0.551, 0.574, 0.507, 0.492, 0.477, 0.604, 0.482, 0.492, 0.441, 0.585, 0.556]","[0.31, 0.373, 0.285, 0.325, 0.31, 0.336, 0.792, 0.341, 0.32, 0.479, 0.352, 0.431, 0.43, 0.351, 0.348]",-0.1885,-0.3778,0.025,-0.012,2020-12-02 - 2021-03-01,89
2,climate,25,170,166,9,0.455,4,117,18.9,0.456,0.399,"[117, 15, 11, 6, 5, 4, 4, 4, 4]","[0.436, 0.448, 0.477, 0.478, 0.509, 0.627, 0.516, 0.57, 0.582]","[0.377, 0.415, 0.421, 0.444, 0.432, 0.519, 0.503, 0.529, 0.449]",-0.139,-0.2489,0.014,0.061,2021-03-02 - 2021-05-18,76
3,democrats,0,886,961,16,0.111,4,816,55.4,0.411,0.289,"[816, 7, 6, 6, 5, 5, 5, 4, 4, 4, 4, 4, 4, 4, 4, 4]","[0.404, 0.439, 0.429, 0.483, 0.53, 0.474, 0.434, 0.53, 0.69, 0.508, 0.497, 0.455, 0.446, 0.485, 0.504, 0.484]","[0.283, 0.288, 0.318, 0.316, 0.326, 0.277, 0.324, 0.364, 0.312, 0.823, 0.313, 0.308, 0.328, 0.352, 0.32, 0.474]",-0.1946,-0.4336,,,2020-01-02 - 2020-03-01,59
3,democrats,1,1044,1265,17,0.097,4,965,61.4,0.394,0.287,"[965, 9, 8, 6, 6, 5, 5, 4, 4, 4, 4, 4, 4, 4, 4, 4, 4]","[0.387, 0.457, 0.498, 0.451, 0.467, 0.42, 0.475, 0.461, 0.469, 0.547, 0.539, 0.625, 0.464, 0.533, 0.45, 0.528, 0.431]","[0.28, 0.291, 0.35, 0.462, 0.352, 0.299, 0.304, 0.293, 0.431, 0.426, 0.326, 0.288, 0.423, 0.368, 0.806, 0.33, 0.307]",-0.2265,-0.4367,-0.017,-0.002,2020-03-02 - 2020-04-30,59
3,democrats,2,1102,1312,13,0.069,4,1044,84.8,0.374,0.346,"[1044, 7, 7, 6, 5, 5, 4, 4, 4, 4, 4, 4, 4]","[0.367, 0.538, 0.496, 0.477, 0.387, 0.485, 0.599, 0.53, 0.564, 0.485, 0.561, 0.499, 0.38]","[0.341, 0.382, 0.383, 0.368, 0.563, 0.575, 0.386, 0.403, 0.461, 0.451, 0.475, 0.447, 0.444]",-0.2626,-0.3169,-0.02,0.059,2020-05-01 - 2020-06-29,59
3,democrats,3,824,970,8,0.053,4,791,103.0,0.458,0.317,"[791, 7, 6, 4, 4, 4, 4, 4]","[0.454, 0.553, 0.512, 0.517, 0.545, 0.563, 0.593, 0.519]","[0.313, 0.387, 0.323, 0.301, 0.387, 0.335, 0.862, 0.353]",-0.0944,-0.3728,0.084,-0.029,2020-06-30 - 2020-08-28,59
3,democrats,4,858,904,27,0.239,4,716,31.8,0.406,0.329,"[716, 10, 9, 9, 9, 7, 7, 7, 5, 5, 5, 5, 5, 5, 5, 5, 4, 4, 4, 4, 4, 4, 4, 4, 4, 4, 4]","[0.389, 0.445, 0.447, 0.468, 0.471, 0.489, 0.532, 0.435, 0.469, 0.455, 0.463, 0.51, 0.517, 0.452, 0.459, 0.533, 0.548, 0.497, 0.404, 0.571, 0.458, 0.565, 0.522, 0.529, 0.67, 0.463, 0.589]","[0.313, 0.32, 0.373, 0.451, 0.386, 0.372, 0.35, 0.345, 0.346, 0.408, 0.585, 0.339, 0.448, 0.512, 0.582, 0.4, 0.393, 0.359, 0.411, 0.375, 0.528, 0.478, 0.428, 0.365, 0.358, 0.488, 0.343]",-0.2182,-0.3671,-0.052,0.012,2020-08-29 - 2020-10-27,59
3,democrats,5,1049,1123,30,0.184,4,911,35.0,0.41,0.251,"[911, 13, 7, 5, 5, 5, 5, 5, 5, 5, 5, 5, 5, 4, 4, 4, 4, 4, 4, 4, 4, 4, 4, 4, 4, 4, 4, 4, 4, 4]","[0.395, 0.418, 0.467, 0.49, 0.474, 0.522, 0.575, 0.475, 0.497, 0.53, 0.47, 0.508, 0.472, 0.495, 0.513, 0.485, 0.467, 0.537, 0.548, 0.479, 0.493, 0.557, 0.543, 0.462, 0.605, 0.565, 0.561, 0.552, 0.579, 0.559]","[0.238, 0.271, 0.307, 0.267, 0.397, 0.261, 0.409, 0.586, 0.278, 0.233, 0.69, 0.273, 0.48, 0.328, 0.377, 0.28, 0.272, 0.254, 0.283, 0.361, 0.274, 0.323, 0.287, 0.267, 0.338, 0.305, 0.266, 0.28, 0.359, 0.617]",-0.2086,-0.5156,0.004,-0.078,2020-10-28 - 2020-12-26,59
3,democrats,6,744,785,28,0.258,4,608,26.6,0.406,0.25,"[608, 11, 8, 8, 7, 6, 6, 5, 5, 5, 5, 5, 5, 4, 4, 4, 4, 4, 4, 4, 4, 4, 4, 4, 4, 4, 4, 4]","[0.388, 0.436, 0.407, 0.447, 0.422, 0.391, 0.467, 0.571, 0.427, 0.45, 0.488, 0.549, 0.458, 0.537, 0.49, 0.528, 0.572, 0.63, 0.564, 0.525, 0.498, 0.5, 0.481, 0.497, 0.571, 0.494, 0.517, 0.541]","[0.236, 0.27, 0.338, 0.283, 0.258, 0.268, 0.321, 0.246, 0.271, 0.239, 0.298, 0.241, 0.291, 0.256, 0.304, 0.328, 0.824, 0.269, 0.297, 0.682, 0.546, 0.346, 0.265, 0.275, 0.272, 0.269, 0.245, 0.265]",-0.2232,-0.5205,-0.004,-0.001,2020-12-27 - 2021-02-24,59
3,democrats,7,501,534,16,0.218,4,424,31.3,0.423,0.358,"[424, 13, 6, 6, 5, 5, 5, 5, 4, 4, 4, 4, 4, 4, 4, 4]","[0.409, 0.452, 0.462, 0.487, 0.533, 0.618, 0.488, 0.506, 0.524, 0.499, 0.517, 0.516, 0.453, 0.536, 0.531, 0.525]","[0.345, 0.363, 0.394, 0.403, 0.546, 0.404, 0.39, 0.43, 0.405, 0.48, 0.492, 0.449, 0.532, 0.47, 0.395, 0.448]",-0.1839,-0.3112,0.017,0.108,2021-02-25 - 2021-04-25,59
3,democrats,8,294,289,14,0.389,4,217,21.0,0.445,0.338,"[217, 12, 10, 9, 6, 5, 5, 5, 5, 4, 4, 4, 4, 4]","[0.422, 0.427, 0.48, 0.535, 0.49, 0.498, 0.543, 0.537, 0.504, 0.603, 0.565, 0.561, 0.503, 0.553]","[0.312, 0.33, 0.635, 0.366, 0.349, 0.373, 0.379, 0.361, 0.333, 0.442, 0.37, 0.411, 0.541, 0.442]",-0.1578,-0.3594,0.022,-0.02,2021-04-26 - 2021-05-19,23
4,republican,0,362,361,19,0.411,4,259,19.1,0.451,0.355,"[259, 16, 8, 8, 6, 6, 6, 6, 5, 5, 5, 4, 4, 4, 4, 4, 4, 4, 4]","[0.43, 0.452, 0.481, 0.498, 0.468, 0.541, 0.476, 0.503, 0.53, 0.516, 0.539, 0.53, 0.563, 0.492, 0.49, 0.542, 0.583, 0.526, 0.526]","[0.334, 0.337, 0.371, 0.358, 0.423, 0.35, 0.373, 0.374, 0.372, 0.525, 0.534, 0.485, 0.505, 0.437, 0.485, 0.378, 0.524, 0.384, 0.392]",-0.1497,-0.3329,,,2020-01-02 - 2020-03-01,59
4,republican,1,583,576,25,0.468,4,401,23.3,0.43,0.364,"[401, 28, 14, 14, 14, 10, 9, 8, 8, 7, 7, 6, 6, 5, 5, 5, 4, 4, 4, 4, 4, 4, 4, 4, 4]","[0.412, 0.413, 0.431, 0.429, 0.418, 0.473, 0.491, 0.465, 0.467, 0.49, 0.489, 0.474, 0.454, 0.517, 0.42, 0.478, 0.518, 0.609, 0.445, 0.498, 0.605, 0.531, 0.6, 0.544, 0.574]","[0.347, 0.346, 0.373, 0.439, 0.365, 0.359, 0.354, 0.395, 0.364, 0.374, 0.456, 0.434, 0.527, 0.422, 0.393, 0.422, 0.476, 0.493, 0.423, 0.462, 0.454, 0.432, 0.533, 0.397, 0.383]",-0.1806,-0.3069,-0.021,0.009,2020-03-02 - 2020-04-30,59
4,republican,2,883,904,41,0.359,4,663,21.5,0.399,0.289,"[663, 18, 9, 9, 8, 8, 8, 7, 7, 7, 6, 6, 6, 6, 6, 5, 5, 5, 5, 5, 4, 4, 4, 4, 4, 4, 4, 4, 4, 4, 4, 4, 4, 4, 4, 4, 4, 4, 4, 4, 4]","[0.377, 0.399, 0.411, 0.385, 0.446, 0.423, 0.435, 0.419, 0.5, 0.425, 0.468, 0.505, 0.45, 0.448, 0.549, 0.491, 0.442, 0.457, 0.398, 0.492, 0.525, 0.518, 0.513, 0.48, 0.416, 0.519, 0.496, 0.534, 0.596, 0.447, 0.581, 0.546, 0.477, 0.48, 0.547, 0.443, 0.471, 0.491, 0.492, 0.631, 0.44]","[0.272, 0.314, 0.306, 0.295, 0.291, 0.276, 0.292, 0.29, 0.339, 0.488, 0.362, 0.286, 0.353, 0.3, 0.31, 0.323, 0.32, 0.308, 0.341, 0.27, 0.32, 0.727, 0.306, 0.344, 0.368, 0.358, 0.327, 0.311, 0.31, 0.423, 0.323, 0.343, 0.326, 0.296, 0.329, 0.442, 0.322, 0.309, 0.462, 0.453, 0.39]",-0.2443,-0.4535,-0.031,-0.075,2020-05-01 - 2020-06-29,59
4,republican,3,1034,1058,32,0.263,4,854,32.3,0.422,0.253,"[854, 13, 12, 10, 9, 7, 7, 7, 6, 6, 6, 6, 6, 5, 5, 5, 5, 5, 5, 5, 5, 5, 4, 4, 4, 4, 4, 4, 4, 4, 4, 4]","[0.406, 0.43, 0.434, 0.466, 0.465, 0.525, 0.501, 0.484, 0.566, 0.449, 0.509, 0.545, 0.528, 0.47, 0.479, 0.493, 0.52, 0.527, 0.495, 0.552, 0.553, 0.494, 0.553, 0.538, 0.503, 0.514, 0.501, 0.517, 0.495, 0.579, 0.46, 0.461]","[0.238, 0.255, 0.258, 0.264, 0.31, 0.322, 0.248, 0.274, 0.332, 0.355, 0.278, 0.243, 0.298, 0.391, 0.227, 0.318, 0.259, 0.267, 0.373, 0.296, 0.762, 0.425, 0.283, 0.286, 0.313, 0.485, 0.351, 0.332, 0.261, 0.597, 0.277, 0.713]",-0.1863,-0.5123,0.023,-0.036,2020-06-30 - 2020-08-28,59
4,republican,4,1267,1314,52,0.332,4,975,24.4,0.414,0.267,"[975, 18, 16, 13, 12, 10, 10, 7, 7, 6, 6, 6, 6, 6, 6, 6, 5, 5, 5, 5, 5, 5, 5, 5, 5, 5, 5, 5, 5, 4, 4, 4, 4, 4, 4, 4, 4, 4, 4, 4, 4, 4, 4, 4, 4, 4, 4, 4, 4, 4, 4, 4]","[0.396, 0.418, 0.404, 0.455, 0.431, 0.443, 0.448, 0.426, 0.449, 0.464, 0.477, 0.442, 0.454, 0.429, 0.507, 0.524, 0.488, 0.458, 0.499, 0.515, 0.405, 0.459, 0.481, 0.511, 0.537, 0.489, 0.54, 0.415, 0.489, 0.553, 0.575, 0.516, 0.509, 0.51, 0.556, 0.48, 0.536, 0.51, 0.55, 0.501, 0.564, 0.47, 0.514, 0.462, 0.513, 0.441, 0.523, 0.489, 0.495, 0.484, 0.546, 0.525]","[0.251, 0.258, 0.269, 0.253, 0.286, 0.419, 0.266, 0.278, 0.308, 0.312, 0.261, 0.376, 0.324, 0.311, 0.316, 0.259, 0.319, 0.28, 0.413, 0.262, 0.294, 0.315, 0.292, 0.276, 0.263, 0.304, 0.28, 0.5, 0.29, 0.339, 0.379, 0.312, 0.314, 0.459, 0.284, 0.268, 0.353, 0.383, 0.637, 0.285, 0.31, 0.275, 0.391, 0.581, 0.346, 0.298, 0.287, 0.311, 0.301, 0.65, 0.36, 0.313]",-0.2106,-0.4923,-0.008,0.014,2020-08-29 - 2020-10-27,59
4,republican,5,1462,1538,49,0.249,4,1208,29.8,0.389,0.249,"[1208, 13, 12, 8, 7, 7, 7, 7, 6, 6, 6, 6, 6, 6, 6, 6, 6, 6, 5, 5, 5, 5, 5, 5, 5, 5, 5, 4, 4, 4, 4, 4, 4, 4, 4, 4, 4, 4, 4, 4, 4, 4, 4, 4, 4, 4, 4, 4, 4]","[0.373, 0.393, 0.401, 0.435, 0.447, 0.429, 0.433, 0.453, 0.473, 0.458, 0.408, 0.466, 0.484, 0.425, 0.465, 0.454, 0.398, 0.413, 0.416, 0.563, 0.439, 0.403, 0.559, 0.456, 0.516, 0.53, 0.527, 0.501, 0.504, 0.552, 0.449, 0.466, 0.49, 0.517, 0.503, 0.537, 0.541, 0.453, 0.53, 0.431, 0.603, 0.479, 0.466, 0.386, 0.451, 0.516, 0.52, 0.534, 0.565]","[0.234, 0.229, 0.287, 0.258, 0.245, 0.279, 0.244, 0.264, 0.245, 0.262, 0.496, 0.461, 0.413, 0.247, 0.252, 0.259, 0.334, 0.312, 0.283, 0.38, 0.31, 0.404, 0.311, 0.29, 0.369, 0.41, 0.253, 0.598, 0.285, 0.575, 0.389, 0.274, 0.291, 0.415, 0.364, 0.235, 0.361, 0.289, 0.353, 0.271, 0.268, 0.274, 0.271, 0.372, 0.36, 0.277, 0.293, 0.258, 0.657]",-0.2521,-0.5227,-0.025,-0.018,2020-10-28 - 2020-12-26,59
4,republican,6,633,610,39,0.566,4,385,16.2,0.438,0.275,"[385, 16, 14, 12, 11, 10, 9, 9, 9, 8, 8, 7, 7, 7, 7, 7, 6, 6, 6, 6, 6, 5, 5, 5, 5, 5, 4, 4, 4, 4, 4, 4, 4, 4, 4, 4, 4, 4, 4]","[0.408, 0.456, 0.442, 0.436, 0.454, 0.456, 0.477, 0.469, 0.447, 0.45, 0.469, 0.457, 0.516, 0.496, 0.463, 0.441, 0.53, 0.506, 0.51, 0.464, 0.459, 0.468, 0.556, 0.505, 0.545, 0.528, 0.534, 0.555, 0.515, 0.556, 0.511, 0.52, 0.541, 0.477, 0.542, 0.472, 0.556, 0.565, 0.565]","[0.249, 0.266, 0.289, 0.307, 0.266, 0.269, 0.424, 0.253, 0.356, 0.274, 0.263, 0.275, 0.352, 0.285, 0.262, 0.27, 0.277, 0.265, 0.409, 0.264, 0.303, 0.283, 0.281, 0.339, 0.3, 0.371, 0.283, 0.27, 0.29, 0.649, 0.292, 0.324, 0.359, 0.31, 0.469, 0.396, 0.317, 0.758, 0.312]",-0.1836,-0.4877,0.049,0.026,2020-12-27 - 2021-02-24,59
4,republican,7,797,819,27,0.212,4,679,29.5,0.404,0.281,"[679, 7, 7, 6, 5, 5, 5, 5, 5, 5, 4, 4, 4, 4, 4, 4, 4, 4, 4, 4, 4, 4, 4, 4, 4, 4, 4]","[0.387, 0.424, 0.47, 0.477, 0.589, 0.527, 0.484, 0.554, 0.493, 0.437, 0.47, 0.463, 0.549, 0.521, 0.512, 0.458, 0.489, 0.506, 0.51, 0.504, 0.601, 0.551, 0.599, 0.501, 0.496, 0.487, 0.487]","[0.265, 0.282, 0.775, 0.336, 0.416, 0.303, 0.338, 0.338, 0.272, 0.456, 0.447, 0.398, 0.418, 0.311, 0.307, 0.348, 0.338, 0.478, 0.358, 0.327, 0.346, 0.298, 0.298, 0.399, 0.326, 0.293, 0.327]",-0.224,-0.4608,-0.034,0.006,2021-02-25 - 2021-04-25,59
4,republican,8,396,418,12,0.219,4,336,33.0,0.44,0.356,"[336, 9, 7, 7, 6, 5, 5, 5, 4, 4, 4, 4]","[0.428, 0.46, 0.466, 0.477, 0.492, 0.514, 0.475, 0.51, 0.539, 0.595, 0.553, 0.64]","[0.343, 0.411, 0.348, 0.354, 0.454, 0.426, 0.587, 0.34, 0.365, 0.386, 0.359, 0.75]",-0.1481,-0.3106,0.036,0.075,2021-04-26 - 2021-05-19,22
