subreddit,timestep,interval,num_nodes,num_edges,modularity,num_communities,echogae_eci,debgnn_eci
brexit,0,2016-06-21 - 2017-10-13,29,84,0.238,3,0.512,0.526
brexit,1,2017-10-14 - 2017-12-12,30,79,0.213,2,0.554,0.53
brexit,2,2017-12-13 - 2018-02-10,31,59,0.064,2,0.438,0.501
brexit,3,2018-02-11 - 2018-04-11,43,107,0.305,4,0.494,0.494
brexit,4,2018-04-12 - 2018-06-10,53,134,0.328,4,0.471,0.492
brexit,5,2018-06-11 - 2018-08-09,71,266,0.279,3,0.49,0.489
brexit,6,2018-08-10 - 2018-10-08,79,187,0.296,2,0.508,0.509
brexit,7,2018-10-09 - 2018-12-07,94,176,0.033,2,0.492,0.514
brexit,8,2018-12-08 - 2019-02-05,187,611,0.339,6,0.418,0.459
brexit,9,2019-02-06 - 2019-04-06,271,1090,0.303,6,0.456,0.471
brexit,10,2019-04-07 - 2019-06-05,214,555,0.014,3,0.349,0.423
brexit,11,2019-06-06 - 2019-08-04,261,943,0.017,3,0.427,0.386
brexit,12,2019-08-05 - 2019-10-03,330,1414,0.277,6,0.464,0.472
brexit,13,2019-10-04 - 2019-12-02,265,697,0.009,2,0.669,0.546
brexit,14,2019-12-03 - 2020-01-31,307,1196,0.3,7,0.447,0.458
brexit,15,2020-02-01 - 2020-03-31,291,1194,0.296,6,0.444,0.47
brexit,16,2020-04-01 - 2020-05-30,206,606,0.013,2,0.318,0.508
brexit,17,2020-05-31 - 2020-07-29,257,1007,0.295,5,0.449,0.49
brexit,18,2020-07-30 - 2020-09-27,264,947,0.004,2,0.392,0.428
brexit,19,2020-09-28 - 2020-11-26,265,892,0.004,2,0.297,0.447
brexit,20,2020-11-27 - 2021-01-25,331,1377,0.025,3,0.364,0.466
brexit,21,2021-01-26 - 2021-03-26,221,542,0.022,2,0.565,0.51
brexit,22,2021-03-27 - 2021-05-18,186,417,0.028,3,0.542,0.474
