,subreddit_id,timestep,resolution,num_nodes,num_edges,num_communities,min_size,max_size,mean_size,metric_value,modularity,fragmentation_limit,constraints_ok
0,0,0,0.05,29,84,1,29,29,29.0,0.0,0.0,4.308131845707603,False
1,0,0,0.07,29,84,1,29,29,29.0,0.0,0.0,4.308131845707603,False
2,0,0,0.1,29,84,1,29,29,29.0,0.0,0.0,4.308131845707603,False
3,0,0,0.2,29,84,1,29,29,29.0,0.0,0.0,4.308131845707603,False
4,0,0,0.3,29,84,1,29,29,29.0,0.0,0.0,4.308131845707603,False
5,0,0,0.5,29,84,1,29,29,29.0,0.0,0.0,4.308131845707603,False
6,0,1,0.05,30,79,1,30,30,30.0,0.0,0.0,4.3817804600413295,False
7,0,1,0.07,30,79,1,30,30,30.0,0.0,0.0,4.3817804600413295,False
8,0,1,0.1,30,79,1,30,30,30.0,0.0,0.0,4.3817804600413295,False
9,0,1,0.2,30,79,1,30,30,30.0,0.0,0.0,4.3817804600413295,False
10,0,1,0.3,30,79,1,30,30,30.0,0.0,0.0,4.3817804600413295,False
11,0,1,0.5,30,79,2,9,21,15.0,0.2134273353629227,0.2134273353629227,4.3817804600413295,False
12,0,1,0.8,30,79,3,9,12,10.0,0.31493350424611444,0.31493350424611444,4.3817804600413295,False
13,0,1,1.0,30,79,5,5,8,6.0,0.32775196282647007,0.32775196282647007,4.3817804600413295,False
14,0,2,0.05,31,59,1,31,31,31.0,0.0,0.0,4.454211490264018,False
15,0,2,0.07,31,59,1,31,31,31.0,0.0,0.0,4.454211490264018,False
16,0,2,0.1,31,59,1,31,31,31.0,0.0,0.0,4.454211490264018,False
17,0,2,0.2,31,59,1,31,31,31.0,0.0,0.0,4.454211490264018,False
18,0,2,0.3,31,59,2,3,28,15.5,0.06420568802068378,0.06420568802068378,4.454211490264018,False
19,0,2,0.5,31,59,2,10,21,15.5,0.24188451594369437,0.24188451594369437,4.454211490264018,False
20,0,2,0.8,31,59,4,5,12,7.75,0.38509049123815,0.38509049123815,4.454211490264018,False
21,0,2,1.0,31,59,6,4,7,5.166666666666667,0.4021832806664751,0.4021832806664751,4.454211490264018,False
22,0,3,0.05,43,107,1,43,43,43.0,2.220446049250313e-16,2.220446049250313e-16,5.2459508194416005,False
23,0,3,0.07,43,107,1,43,43,43.0,2.220446049250313e-16,2.220446049250313e-16,5.2459508194416005,False
24,0,3,0.1,43,107,1,43,43,43.0,2.220446049250313e-16,2.220446049250313e-16,5.2459508194416005,False
25,0,3,0.2,43,107,1,43,43,43.0,2.220446049250313e-16,2.220446049250313e-16,5.2459508194416005,False
26,0,3,0.3,43,107,1,43,43,43.0,2.220446049250313e-16,2.220446049250313e-16,5.2459508194416005,False
27,0,3,0.5,43,107,3,2,39,14.333333333333334,0.03620403528692484,0.03620403528692484,5.2459508194416005,False
28,0,3,0.8,43,107,4,4,14,10.75,0.3047864442309372,0.3047864442309372,5.2459508194416005,False
29,0,3,1.0,43,107,6,3,12,7.166666666666667,0.3129967682767053,0.3129967682767053,5.2459508194416005,False
30,0,4,0.05,53,134,1,53,53,53.0,0.0,0.0,5.824087911424415,False
31,0,4,0.07,53,134,1,53,53,53.0,0.0,0.0,5.824087911424415,False
32,0,4,0.1,53,134,1,53,53,53.0,0.0,0.0,5.824087911424415,False
33,0,4,0.2,53,134,1,53,53,53.0,0.0,0.0,5.824087911424415,False
34,0,4,0.3,53,134,1,53,53,53.0,0.0,0.0,5.824087911424415,False
35,0,4,0.5,53,134,1,53,53,53.0,0.0,0.0,5.824087911424415,False
36,0,5,0.05,71,266,1,71,71,71.0,0.0,0.0,6.740919818541087,False
37,0,5,0.07,71,266,1,71,71,71.0,0.0,0.0,6.740919818541087,False
38,0,5,0.1,71,266,1,71,71,71.0,0.0,0.0,6.740919818541087,False
39,0,5,0.2,71,266,1,71,71,71.0,0.0,0.0,6.740919818541087,False
40,0,5,0.3,71,266,1,71,71,71.0,0.0,0.0,6.740919818541087,False
41,0,5,0.5,71,266,2,2,69,35.5,0.007455198145740408,0.007455198145740408,6.740919818541087,False
42,0,5,0.8,71,266,3,22,26,23.666666666666668,0.2793332014246142,0.2793332014246142,6.740919818541087,True
43,0,5,1.0,71,266,5,7,18,14.2,0.2826827406863023,0.2826827406863023,6.740919818541087,False
44,0,6,0.05,79,187,1,79,79,79.0,2.220446049250313e-16,2.220446049250313e-16,7.110555533852471,False
45,0,6,0.07,79,187,1,79,79,79.0,2.220446049250313e-16,2.220446049250313e-16,7.110555533852471,False
46,0,6,0.1,79,187,1,79,79,79.0,2.220446049250313e-16,2.220446049250313e-16,7.110555533852471,False
47,0,6,0.2,79,187,1,79,79,79.0,2.220446049250313e-16,2.220446049250313e-16,7.110555533852471,False
48,0,6,0.3,79,187,1,79,79,79.0,2.220446049250313e-16,2.220446049250313e-16,7.110555533852471,False
49,0,6,0.5,79,187,2,36,43,39.5,0.29609082330063774,0.29609082330063774,7.110555533852471,False
50,0,6,0.8,79,187,5,3,23,15.8,0.400912236552375,0.400912236552375,7.110555533852471,False
51,0,6,1.0,79,187,7,4,17,11.285714285714286,0.40501587120020593,0.40501587120020593,7.110555533852471,False
52,0,7,0.05,94,176,1,94,94,94.0,0.0,0.0,7.756287771866127,False
53,0,7,0.07,94,176,1,94,94,94.0,0.0,0.0,7.756287771866127,False
54,0,7,0.1,94,176,1,94,94,94.0,0.0,0.0,7.756287771866127,False
55,0,7,0.2,94,176,1,94,94,94.0,0.0,0.0,7.756287771866127,False
56,0,7,0.3,94,176,2,4,90,47.0,0.03305785123966941,0.03305785123966941,7.756287771866127,False
57,0,7,0.5,94,176,2,44,50,47.0,0.3292871900826446,0.3292871900826446,7.756287771866127,False
58,0,7,0.8,94,176,7,9,17,13.428571428571429,0.47273695764462814,0.47273695764462814,7.756287771866127,False
59,0,7,1.0,94,176,8,9,14,11.75,0.4758038481404959,0.4758038481404959,7.756287771866127,False
60,0,8,0.05,187,611,1,187,187,187.0,0.0,0.0,10.939835464941876,False
61,0,8,0.07,187,611,1,187,187,187.0,0.0,0.0,10.939835464941876,False
62,0,8,0.1,187,611,1,187,187,187.0,0.0,0.0,10.939835464941876,False
63,0,8,0.2,187,611,1,187,187,187.0,0.0,0.0,10.939835464941876,False
64,0,8,0.3,187,611,1,187,187,187.0,0.0,0.0,10.939835464941876,False
65,0,8,0.5,187,611,6,2,125,31.166666666666668,0.17681030534044423,0.17681030534044423,10.939835464941876,False
66,0,8,0.8,187,611,6,12,48,31.166666666666668,0.3386951176065638,0.3386951176065638,10.939835464941876,True
67,0,8,1.0,187,611,9,9,30,20.77777777777778,0.3486758044685406,0.3486758044685406,10.939835464941876,False
68,0,9,0.05,271,1090,1,271,271,271.0,0.0,0.0,13.169662106523464,False
69,0,9,0.07,271,1090,1,271,271,271.0,0.0,0.0,13.169662106523464,False
70,0,9,0.1,271,1090,1,271,271,271.0,0.0,0.0,13.169662106523464,False
71,0,9,0.2,271,1090,1,271,271,271.0,0.0,0.0,13.169662106523464,False
72,0,9,0.3,271,1090,1,271,271,271.0,0.0,0.0,13.169662106523464,False
73,0,9,0.5,271,1090,1,271,271,271.0,0.0,0.0,13.169662106523464,False
74,0,10,0.05,214,555,1,214,214,214.0,0.0,0.0,11.702991070662236,False
75,0,10,0.07,214,555,1,214,214,214.0,0.0,0.0,11.702991070662236,False
76,0,10,0.1,214,555,1,214,214,214.0,0.0,0.0,11.702991070662236,False
77,0,10,0.2,214,555,1,214,214,214.0,0.0,0.0,11.702991070662236,False
78,0,10,0.3,214,555,3,3,208,71.33333333333333,0.014292671049427847,0.014292671049427847,11.702991070662236,False
79,0,10,0.5,214,555,6,3,171,35.666666666666664,0.13329112896680445,0.13329112896680445,11.702991070662236,False
80,0,10,0.8,214,555,7,10,42,30.571428571428573,0.39911208505803103,0.39911208505803103,11.702991070662236,True
81,0,10,1.0,214,555,9,7,35,23.77777777777778,0.4074636798961123,0.4074636798961123,11.702991070662236,False
82,0,11,0.05,261,943,1,261,261,261.0,0.0,0.0,12.924395537122809,False
83,0,11,0.07,261,943,1,261,261,261.0,0.0,0.0,12.924395537122809,False
84,0,11,0.1,261,943,1,261,261,261.0,0.0,0.0,12.924395537122809,False
85,0,11,0.2,261,943,1,261,261,261.0,0.0,0.0,12.924395537122809,False
86,0,11,0.3,261,943,1,261,261,261.0,0.0,0.0,12.924395537122809,False
87,0,11,0.5,261,943,3,5,251,87.0,0.016635947861622407,0.016635947861622407,12.924395537122809,False
88,0,11,0.8,261,943,7,6,73,37.285714285714285,0.31738017135807856,0.31738017135807856,12.924395537122809,False
89,0,11,1.0,261,943,8,25,43,32.625,0.3314566561221885,0.3314566561221885,12.924395537122809,True
90,0,12,0.05,330,1414,1,330,330,330.0,0.0,0.0,14.53272169966796,False
91,0,12,0.07,330,1414,1,330,330,330.0,0.0,0.0,14.53272169966796,False
92,0,12,0.1,330,1414,1,330,330,330.0,0.0,0.0,14.53272169966796,False
93,0,12,0.2,330,1414,1,330,330,330.0,0.0,0.0,14.53272169966796,False
94,0,12,0.3,330,1414,1,330,330,330.0,0.0,0.0,14.53272169966796,False
95,0,12,0.5,330,1414,5,2,319,66.0,0.00981396381707262,0.00981396381707262,14.53272169966796,False
96,0,12,0.8,330,1414,6,12,76,55.0,0.2771454479252735,0.2771454479252735,14.53272169966796,True
97,0,12,1.0,330,1414,11,16,45,30.0,0.2837904547173246,0.2837904547173246,14.53272169966796,True
98,0,13,0.05,265,697,1,265,265,265.0,0.0,0.0,13.023056476879766,False
99,0,13,0.07,265,697,1,265,265,265.0,0.0,0.0,13.023056476879766,False
100,0,13,0.1,265,697,1,265,265,265.0,0.0,0.0,13.023056476879766,False
101,0,13,0.2,265,697,2,4,261,132.5,0.008557890034972536,0.008557890034972536,13.023056476879766,False
102,0,13,0.3,265,697,4,3,247,66.25,0.04450205739292585,0.04450205739292585,13.023056476879766,False
103,0,13,0.5,265,697,6,4,126,44.166666666666664,0.3257782379494822,0.3257782379494822,13.023056476879766,False
104,0,13,0.8,265,697,11,4,46,24.09090909090909,0.40660424158465575,0.40660424158465575,13.023056476879766,False
105,0,13,1.0,265,697,13,4,34,20.384615384615383,0.41337027514928704,0.41337027514928704,13.023056476879766,False
106,0,14,0.05,307,1196,1,307,307,307.0,0.0,0.0,14.017132374348186,False
107,0,14,0.07,307,1196,1,307,307,307.0,0.0,0.0,14.017132374348186,False
108,0,14,0.1,307,1196,1,307,307,307.0,0.0,0.0,14.017132374348186,False
109,0,14,0.2,307,1196,1,307,307,307.0,0.0,0.0,14.017132374348186,False
110,0,14,0.3,307,1196,1,307,307,307.0,0.0,0.0,14.017132374348186,False
111,0,14,0.5,307,1196,5,2,292,61.4,0.01799826064585405,0.01799826064585405,14.017132374348186,False
112,0,14,0.8,307,1196,7,7,74,43.857142857142854,0.29982431684209343,0.29982431684209343,14.017132374348186,False
113,0,14,1.0,307,1196,10,5,50,30.7,0.3081299426180915,0.3081299426180915,14.017132374348186,False
114,0,15,0.05,291,1194,1,291,291,291.0,0.0,0.0,13.646977687385585,False
115,0,15,0.07,291,1194,1,291,291,291.0,0.0,0.0,13.646977687385585,False
116,0,15,0.1,291,1194,1,291,291,291.0,0.0,0.0,13.646977687385585,False
117,0,15,0.2,291,1194,1,291,291,291.0,0.0,0.0,13.646977687385585,False
118,0,15,0.3,291,1194,1,291,291,291.0,0.0,0.0,13.646977687385585,False
119,0,15,0.5,291,1194,2,2,289,145.5,0.0016718853900995288,0.0016718853900995288,13.646977687385585,False
120,0,15,0.8,291,1194,6,39,61,48.5,0.29589670855674244,0.29589670855674244,13.646977687385585,True
121,0,15,1.0,291,1194,11,18,35,26.454545454545453,0.30035647247965125,0.30035647247965125,13.646977687385585,True
122,0,16,0.05,206,606,1,206,206,206.0,0.0,0.0,11.48216007552586,False
123,0,16,0.07,206,606,1,206,206,206.0,0.0,0.0,11.48216007552586,False
124,0,16,0.1,206,606,1,206,206,206.0,0.0,0.0,11.48216007552586,False
125,0,16,0.2,206,606,1,206,206,206.0,0.0,0.0,11.48216007552586,False
126,0,16,0.3,206,606,2,5,201,103.0,0.0130651679029287,0.0130651679029287,11.48216007552586,False
127,0,16,0.5,206,606,4,3,185,51.5,0.05559503970199004,0.05559503970199004,11.48216007552586,False
128,0,16,0.8,206,606,7,11,57,29.428571428571427,0.35662897972965607,0.35662897972965607,11.48216007552586,True
129,0,16,1.0,206,606,9,15,30,22.88888888888889,0.3608565064427235,0.3608565064427235,11.48216007552586,True
130,0,17,0.05,257,1007,1,257,257,257.0,0.0,0.0,12.824975633505119,False
131,0,17,0.07,257,1007,1,257,257,257.0,0.0,0.0,12.824975633505119,False
132,0,17,0.1,257,1007,1,257,257,257.0,0.0,0.0,12.824975633505119,False
133,0,17,0.2,257,1007,1,257,257,257.0,0.0,0.0,12.824975633505119,False
134,0,17,0.3,257,1007,1,257,257,257.0,0.0,0.0,12.824975633505119,False
135,0,17,0.5,257,1007,4,2,248,64.25,0.011805642528122466,0.011805642528122466,12.824975633505119,False
136,0,17,0.8,257,1007,5,30,84,51.4,0.2947140621409814,0.2947140621409814,12.824975633505119,True
137,0,17,1.0,257,1007,9,19,38,28.555555555555557,0.30506711214152377,0.30506711214152377,12.824975633505119,True
138,0,18,0.05,264,947,1,264,264,264.0,2.220446049250313e-16,2.220446049250313e-16,12.998461447417538,False
139,0,18,0.07,264,947,1,264,264,264.0,2.220446049250313e-16,2.220446049250313e-16,12.998461447417538,False
140,0,18,0.1,264,947,1,264,264,264.0,2.220446049250313e-16,2.220446049250313e-16,12.998461447417538,False
141,0,18,0.2,264,947,1,264,264,264.0,2.220446049250313e-16,2.220446049250313e-16,12.998461447417538,False
142,0,18,0.3,264,947,2,3,261,132.0,0.00420992652839138,0.00420992652839138,12.998461447417538,False
143,0,18,0.5,264,947,8,2,238,33.0,0.03881261227307061,0.03881261227307061,12.998461447417538,False
144,0,18,0.8,264,947,6,12,70,44.0,0.3196159940410946,0.3196159940410946,12.998461447417538,True
145,0,18,1.0,264,947,9,6,47,29.333333333333332,0.33717212918246814,0.33717212918246814,12.998461447417538,False
146,0,19,0.05,265,892,1,265,265,265.0,0.0,0.0,13.023056476879766,False
147,0,19,0.07,265,892,1,265,265,265.0,0.0,0.0,13.023056476879766,False
148,0,19,0.1,265,892,1,265,265,265.0,0.0,0.0,13.023056476879766,False
149,0,19,0.2,265,892,1,265,265,265.0,0.0,0.0,13.023056476879766,False
150,0,19,0.3,265,892,2,3,262,132.5,0.004468594783727891,0.004468594783727891,13.023056476879766,False
151,0,19,0.5,265,892,7,2,247,37.857142857142854,0.026363515252669455,0.026363515252669455,13.023056476879766,False
152,0,19,0.8,265,892,6,11,63,44.166666666666664,0.32553502483460356,0.32553502483460356,13.023056476879766,True
153,0,19,1.0,265,892,9,16,43,29.444444444444443,0.3393744092983973,0.3393744092983973,13.023056476879766,True
154,0,20,0.05,331,1377,1,331,331,331.0,0.0,0.0,14.554724318928203,False
155,0,20,0.07,331,1377,1,331,331,331.0,0.0,0.0,14.554724318928203,False
156,0,20,0.1,331,1377,1,331,331,331.0,0.0,0.0,14.554724318928203,False
157,0,20,0.2,331,1377,1,331,331,331.0,0.0,0.0,14.554724318928203,False
158,0,20,0.3,331,1377,1,331,331,331.0,0.0,0.0,14.554724318928203,False
159,0,20,0.5,331,1377,3,5,312,110.33333333333333,0.025165745579546678,0.025165745579546678,14.554724318928203,False
160,0,20,0.8,331,1377,6,5,88,55.166666666666664,0.2996700119031986,0.2996700119031986,14.554724318928203,False
161,0,20,1.0,331,1377,9,22,50,36.77777777777778,0.31278937245303456,0.31278937245303456,14.554724318928203,True
162,0,21,0.05,221,542,1,221,221,221.0,0.0,0.0,11.892854997854805,False
163,0,21,0.07,221,542,1,221,221,221.0,0.0,0.0,11.892854997854805,False
164,0,21,0.1,221,542,1,221,221,221.0,0.0,0.0,11.892854997854805,False
165,0,21,0.2,221,542,1,221,221,221.0,0.0,0.0,11.892854997854805,False
166,0,21,0.3,221,542,2,7,214,110.5,0.021757260930542782,0.021757260930542782,11.892854997854805,False
167,0,21,0.5,221,542,5,4,106,44.2,0.2932949578573277,0.2932949578573277,11.892854997854805,False
168,0,21,0.8,221,542,10,7,34,22.1,0.4247406081071881,0.4247406081071881,11.892854997854805,False
169,0,21,1.0,221,542,11,12,30,20.09090909090909,0.42853446984654353,0.42853446984654353,11.892854997854805,True
170,0,22,0.05,186,417,1,186,186,186.0,2.220446049250313e-16,2.220446049250313e-16,10.910545357588685,False
171,0,22,0.07,186,417,1,186,186,186.0,2.220446049250313e-16,2.220446049250313e-16,10.910545357588685,False
172,0,22,0.1,186,417,1,186,186,186.0,2.220446049250313e-16,2.220446049250313e-16,10.910545357588685,False
173,0,22,0.2,186,417,1,186,186,186.0,2.220446049250313e-16,2.220446049250313e-16,10.910545357588685,False
174,0,22,0.3,186,417,3,3,178,62.0,0.028273783850617632,0.028273783850617632,10.910545357588685,False
175,0,22,0.5,186,417,5,3,91,37.2,0.326314487977963,0.326314487977963,10.910545357588685,False
176,0,22,0.8,186,417,7,5,42,26.571428571428573,0.4532201576868002,0.4532201576868002,10.910545357588685,False
177,0,22,1.0,186,417,10,12,30,18.6,0.45673676885829473,0.45673676885829473,10.910545357588685,True
178,1,0,0.05,561,450,114,2,84,4.921052631578948,0.9390345679012334,0.9390345679012334,18.948350851723216,False
179,1,1,0.05,317,243,75,2,43,4.226666666666667,0.9511422716726792,0.9511422716726792,14.243595051811887,False
180,1,2,0.05,186,129,57,2,8,3.263157894736842,0.9733790036656453,0.9733790036656453,10.910545357588685,False
181,1,3,0.05,179,135,45,2,26,3.977777777777778,0.9378326474622776,0.9378326474622776,10.703270528207723,False
182,1,4,0.05,168,124,44,2,12,3.8181818181818183,0.9642299687825171,0.9642299687825171,10.369185117452577,False
183,1,5,0.05,136,105,31,2,23,4.387096774193548,0.9179138321995459,0.9179138321995459,9.329523031752482,False
184,1,6,0.05,81,52,29,2,7,2.793103448275862,0.9474852071005916,0.9474852071005916,7.2,False
185,1,7,0.05,97,58,39,2,5,2.4871794871794872,0.9673008323424489,0.9673008323424489,7.879086241436884,False
186,1,8,0.05,76,46,30,2,7,2.533333333333333,0.9508506616257099,0.9508506616257099,6.974238309665079,False
187,1,9,0.05,109,83,26,2,12,4.1923076923076925,0.9409203077369724,0.9409203077369724,8.35224520712844,False
188,2,0,0.05,76,92,2,6,70,38.0,0.10278827977315695,0.10278827977315695,6.974238309665079,False
189,2,0,0.07,76,92,2,6,70,38.0,0.10278827977315695,0.10278827977315695,6.974238309665079,False
190,2,0,0.1,76,92,3,6,57,25.333333333333332,0.30836483931947073,0.30836483931947073,6.974238309665079,False
191,2,0,0.2,76,92,4,6,37,19.0,0.5484404536862004,0.5484404536862004,6.974238309665079,False
192,2,0,0.3,76,92,4,6,37,19.0,0.5484404536862004,0.5484404536862004,6.974238309665079,False
193,2,0,0.5,76,92,5,6,26,15.2,0.6125354442344045,0.6125354442344045,6.974238309665079,False
194,2,0,0.8,76,92,7,6,16,10.857142857142858,0.6535916824196597,0.6535916824196597,6.974238309665079,False
195,2,1,0.05,73,83,1,73,73,73.0,0.0,0.0,6.835202996254025,False
196,2,1,0.07,73,83,1,73,73,73.0,0.0,0.0,6.835202996254025,False
197,2,1,0.1,73,83,2,16,57,36.5,0.28712440121933513,0.28712440121933513,6.835202996254025,False
198,2,1,0.2,73,83,2,16,57,36.5,0.28712440121933513,0.28712440121933513,6.835202996254025,False
199,2,1,0.3,73,83,3,10,47,24.333333333333332,0.4285092175932646,0.4285092175932646,6.835202996254025,True
200,2,1,0.5,73,83,5,13,17,14.6,0.6421106111191757,0.6421106111191757,6.835202996254025,True
201,2,1,0.8,73,83,7,5,14,10.428571428571429,0.6550297575845551,0.6550297575845551,6.835202996254025,False
202,2,2,0.05,88,95,2,16,72,44.0,0.26254847645429363,0.26254847645429363,7.504665215717488,False
203,2,2,0.07,88,95,2,32,56,44.0,0.44160664819944595,0.44160664819944595,7.504665215717488,False
204,2,2,0.1,88,95,3,22,34,29.333333333333332,0.6090304709141274,0.6090304709141274,7.504665215717488,True
205,2,2,0.2,88,95,3,24,32,29.333333333333332,0.6145706371191135,0.6145706371191135,7.504665215717488,True
206,2,2,0.3,88,95,4,17,32,22.0,0.6616620498614959,0.6616620498614959,7.504665215717488,True
207,2,2,0.5,88,95,7,9,17,12.571428571428571,0.7218836565096953,0.7218836565096953,7.504665215717488,False
208,2,2,0.8,88,95,8,6,16,11.0,0.7329085872576178,0.7329085872576178,7.504665215717488,False
209,2,3,0.05,87,84,5,3,73,17.4,0.2202380952380953,0.2202380952380953,7.4619032424710525,False
210,2,3,0.07,87,84,6,3,60,14.5,0.4262329931972791,0.4262329931972791,7.4619032424710525,False
211,2,3,0.1,87,84,7,3,26,12.428571428571429,0.701530612244898,0.701530612244898,7.4619032424710525,False
212,2,3,0.2,87,84,7,3,26,12.428571428571429,0.701530612244898,0.701530612244898,7.4619032424710525,False
213,2,3,0.3,87,84,8,3,24,10.875,0.7451105442176871,0.7451105442176871,7.4619032424710525,False
214,2,4,0.05,77,84,2,5,72,38.5,0.09070294784580506,0.09070294784580506,7.019971509913699,False
215,2,4,0.07,77,84,3,5,51,25.666666666666668,0.41808390022675745,0.41808390022675745,7.019971509913699,False
216,2,4,0.1,77,84,3,5,51,25.666666666666668,0.41808390022675745,0.41808390022675745,7.019971509913699,False
217,2,4,0.2,77,84,4,5,37,19.25,0.5813492063492064,0.5813492063492064,7.019971509913699,False
218,2,4,0.3,77,84,5,5,21,15.4,0.6828231292517007,0.6828231292517007,7.019971509913699,False
219,2,4,0.5,77,84,7,5,17,11.0,0.7125850340136055,0.7125850340136055,7.019971509913699,False
220,2,4,0.8,77,84,8,4,16,9.625,0.7191751700680271,0.7191751700680271,7.019971509913699,False
221,2,5,0.05,75,75,6,3,46,12.5,0.49893333333333323,0.49893333333333323,6.9282032302755105,False
222,2,5,0.07,75,75,6,3,46,12.5,0.49893333333333323,0.49893333333333323,6.9282032302755105,False
223,2,5,0.1,75,75,6,3,46,12.5,0.49893333333333323,0.49893333333333323,6.9282032302755105,False
224,2,5,0.2,75,75,7,3,23,10.714285714285714,0.6900444444444443,0.6900444444444443,6.9282032302755105,False
225,2,6,0.05,97,91,7,5,36,13.857142857142858,0.7249728293684337,0.7249728293684337,7.879086241436884,False
226,2,6,0.07,97,91,7,5,36,13.857142857142858,0.7249728293684337,0.7249728293684337,7.879086241436884,False
227,2,6,0.1,97,91,7,5,36,13.857142857142858,0.7249728293684337,0.7249728293684337,7.879086241436884,False
228,2,6,0.2,97,91,8,5,27,12.125,0.7911484120275327,0.7911484120275327,7.879086241436884,False
229,2,7,0.05,171,169,7,4,75,24.428571428571427,0.6533559749308497,0.6533559749308497,10.461357464497617,False
230,2,7,0.07,171,169,8,4,53,21.375,0.7544028570428206,0.7544028570428206,10.461357464497617,False
231,2,7,0.1,171,169,8,4,53,21.375,0.7544028570428206,0.7544028570428206,10.461357464497617,False
232,2,7,0.2,171,169,9,4,42,19.0,0.8040859913868561,0.8040859913868561,10.461357464497617,False
233,2,7,0.3,171,169,10,4,32,17.1,0.8305906655929415,0.8305906655929415,10.461357464497617,False
234,2,7,0.5,171,169,13,4,24,13.153846153846153,0.8560799691887536,0.8560799691887536,10.461357464497617,False
235,2,8,0.05,133,113,21,3,54,6.333333333333333,0.7546401440989895,0.7546401440989895,9.226050075736637,False
236,2,9,0.05,80,72,10,2,24,8.0,0.7843364197530863,0.7843364197530863,7.155417527999328,False
237,2,10,0.05,83,79,8,3,54,10.375,0.4669123537894569,0.4669123537894569,7.288346863315439,False
238,2,11,0.05,52,43,9,2,17,5.777777777777778,0.7852893455922121,0.7852893455922121,5.768882040742383,False
239,2,12,0.05,83,73,10,4,22,8.3,0.829048601989116,0.829048601989116,7.288346863315439,False
240,2,13,0.05,73,62,11,2,21,6.636363636363637,0.8298647242455774,0.8298647242455774,6.835202996254025,False
241,2,14,0.05,117,100,17,3,29,6.882352941176471,0.8774000000000002,0.8774000000000002,8.653323061113575,False
242,2,15,0.05,170,168,8,4,86,21.25,0.6474631519274376,0.6474631519274376,10.43072384832424,False
243,2,15,0.07,170,168,9,4,67,18.88888888888889,0.7365539965986394,0.7365539965986394,10.43072384832424,False
244,2,15,0.1,170,168,9,4,67,18.88888888888889,0.7365539965986394,0.7365539965986394,10.43072384832424,False
245,2,15,0.2,170,168,10,4,60,17.0,0.761001275510204,0.761001275510204,10.43072384832424,False
246,2,15,0.3,170,168,10,4,42,17.0,0.7984162414965985,0.7984162414965985,10.43072384832424,False
247,2,15,0.5,170,168,12,4,25,14.166666666666666,0.8331561791383219,0.8331561791383219,10.43072384832424,False
248,2,16,0.05,177,177,10,3,91,17.7,0.6145743560279613,0.6145743560279613,10.643307756520057,False
249,2,16,0.07,177,177,10,3,91,17.7,0.6145743560279613,0.6145743560279613,10.643307756520057,False
250,2,16,0.1,177,177,10,3,91,17.7,0.6145743560279613,0.6145743560279613,10.643307756520057,False
251,2,16,0.2,177,177,12,3,75,14.75,0.6978677902263078,0.6978677902263078,10.643307756520057,False
252,2,17,0.05,301,327,6,5,257,50.166666666666664,0.22040325823677392,0.22040325823677392,13.879481258317979,False
253,2,17,0.07,301,327,8,5,201,37.625,0.4745859402033125,0.4745859402033125,13.879481258317979,False
254,2,17,0.1,301,327,8,5,197,37.625,0.4862993201096053,0.4862993201096053,13.879481258317979,False
255,2,17,0.2,301,327,10,5,109,30.1,0.722797370217621,0.722797370217621,13.879481258317979,False
256,2,17,0.3,301,327,11,5,103,27.363636363636363,0.7470658100234736,0.7470658100234736,13.879481258317979,False
257,2,17,0.5,301,327,14,5,51,21.5,0.8007462895940297,0.8007462895940297,13.879481258317979,False
258,2,18,0.05,402,422,12,4,341,33.5,0.22145728981828766,0.22145728981828766,16.039950124610737,False
259,2,18,0.07,402,422,14,4,283,28.714285714285715,0.42123660744367813,0.42123660744367813,16.039950124610737,False
260,2,18,0.1,402,422,15,4,260,26.8,0.49165281552525764,0.49165281552525764,16.039950124610737,False
261,2,18,0.2,402,422,17,4,101,23.647058823529413,0.7704819074144783,0.7704819074144783,16.039950124610737,False
262,2,19,0.05,359,407,2,13,346,179.5,0.057081539882522785,0.057081539882522785,15.157836257197133,False
263,2,19,0.07,359,407,4,11,318,89.75,0.17371973268779178,0.17371973268779178,15.157836257197133,True
264,2,19,0.1,359,407,4,11,215,89.75,0.47790810690073593,0.47790810690073593,15.157836257197133,True
265,2,19,0.2,359,407,7,11,124,51.285714285714285,0.7004932115497225,0.7004932115497225,15.157836257197133,True
266,2,19,0.3,359,407,10,11,69,35.9,0.7808438324408837,0.7808438324408837,15.157836257197133,True
267,2,19,0.5,359,407,12,11,45,29.916666666666668,0.7974904768516561,0.7974904768516561,15.157836257197133,True
268,2,19,0.8,359,407,16,7,38,22.4375,0.8051301245404441,0.8051301245404441,15.157836257197133,False
269,2,20,0.05,352,352,18,4,221,19.555555555555557,0.5279409865702476,0.5279409865702476,15.009330431434975,False
270,2,21,0.05,250,224,29,3,121,8.620689655172415,0.6891342474489801,0.6891342474489801,12.649110640673518,False
271,2,22,0.05,241,240,11,4,133,21.90909090909091,0.5700434027777778,0.5700434027777778,12.41933975700802,False
272,2,22,0.07,241,240,12,4,118,20.083333333333332,0.629314236111111,0.629314236111111,12.41933975700802,False
273,2,22,0.1,241,240,12,4,118,20.083333333333332,0.629314236111111,0.629314236111111,12.41933975700802,False
274,2,22,0.2,241,240,15,4,52,16.066666666666666,0.8077170138888891,0.8077170138888891,12.41933975700802,False
275,2,23,0.05,305,300,16,3,181,19.0625,0.5631944444444442,0.5631944444444442,13.971399357258385,False
276,2,24,0.05,218,198,23,3,123,9.478260869565217,0.5940210182634426,0.5940210182634426,11.81185844818672,False
277,2,25,0.05,188,178,16,3,95,11.75,0.6547942179017804,0.6547942179017804,10.969047360641671,False
278,3,0,0.05,816,906,3,17,777,272.0,0.07895060645488261,0.07895060645488261,22.852570971337123,True
279,3,0,0.07,816,906,7,10,681,116.57142857142857,0.25816301916582607,0.25816301916582607,22.852570971337123,True
280,3,0,0.1,816,906,5,15,396,163.2,0.6273932917172248,0.6273932917172248,22.852570971337123,True
281,3,0,0.2,816,906,10,39,141,81.6,0.8016479540371036,0.8016479540371036,22.852570971337123,True
282,3,0,0.3,816,906,12,38,139,68.0,0.8148783679078404,0.8148783679078404,22.852570971337123,True
283,3,0,0.5,816,906,17,19,83,48.0,0.8379231661379372,0.8379231661379372,22.852570971337123,True
284,3,0,0.8,816,906,22,24,66,37.09090909090909,0.8418727979766968,0.8418727979766968,22.852570971337123,True
285,3,0,1.0,816,906,26,19,54,31.384615384615383,0.8422242689160806,0.8422242689160806,22.852570971337123,True
286,3,1,0.05,965,1202,1,965,965,965.0,0.0,0.0,24.851559307214508,False
287,3,1,0.07,965,1202,2,8,957,482.5,0.011569389342775929,0.011569389342775929,24.851559307214508,False
288,3,1,0.1,965,1202,6,6,922,160.83333333333334,0.06177931401075848,0.06177931401075848,24.851559307214508,False
289,3,1,0.2,965,1202,12,6,488,80.41666666666667,0.5662698885108293,0.5662698885108293,24.851559307214508,False
290,3,1,0.3,965,1202,8,78,155,120.625,0.7267047987131818,0.7267047987131818,24.851559307214508,True
291,3,1,0.5,965,1202,16,23,100,60.3125,0.7612786924731662,0.7612786924731662,24.851559307214508,True
292,3,1,0.8,965,1202,23,10,78,41.95652173913044,0.7687759031674886,0.7687759031674886,24.851559307214508,True
293,3,1,1.0,965,1202,26,17,67,37.11538461538461,0.7699653378589761,0.7699653378589761,24.851559307214508,True
294,3,2,0.05,1044,1266,2,15,1029,522.0,0.02185454304959713,0.02185454304959713,25.848791074245618,False
295,3,2,0.07,1044,1266,4,9,1011,261.0,0.04655293756504438,0.04655293756504438,25.848791074245618,False
296,3,2,0.1,1044,1266,10,7,903,104.4,0.19515571927355146,0.19515571927355146,25.848791074245618,False
297,3,2,0.2,1044,1266,10,6,494,104.4,0.6042769454614426,0.6042769454614426,25.848791074245618,False
298,3,2,0.3,1044,1266,11,38,232,94.9090909090909,0.749849010080137,0.749849010080137,25.848791074245618,True
299,3,2,0.5,1044,1266,17,34,133,61.411764705882355,0.7866163034173635,0.7866163034173635,25.848791074245618,True
300,3,2,0.8,1044,1266,23,15,79,45.391304347826086,0.7938173371367819,0.7938173371367819,25.848791074245618,True
301,3,2,1.0,1044,1266,26,14,60,40.15384615384615,0.7929363546291514,0.7929363546291514,25.848791074245618,True
302,3,3,0.05,791,944,4,11,750,197.75,0.07812612216317137,0.07812612216317137,22.499777776680375,True
303,3,3,0.07,791,944,4,11,750,197.75,0.07812612216317137,0.07812612216317137,22.499777776680375,True
304,3,3,0.1,791,944,6,11,702,131.83333333333334,0.16670631643205988,0.16670631643205988,22.499777776680375,True
305,3,3,0.2,791,944,8,11,228,98.875,0.6911840616920424,0.6911840616920424,22.499777776680375,True
306,3,3,0.3,791,944,12,11,156,65.91666666666667,0.7629088040433782,0.7629088040433782,22.499777776680375,True
307,3,3,0.5,791,944,17,11,106,46.529411764705884,0.785336918270612,0.785336918270612,22.499777776680375,True
308,3,3,0.8,791,944,22,23,58,35.95454545454545,0.7925423279948289,0.7925423279948289,22.499777776680375,True
309,3,3,1.0,791,944,24,11,58,32.958333333333336,0.7927774211792588,0.7927774211792588,22.499777776680375,True
310,3,4,0.05,767,833,10,7,646,76.7,0.24732702204531282,0.24732702204531282,22.155811878601966,False
311,3,4,0.07,767,833,9,7,415,85.22222222222223,0.5569637218632952,0.5569637218632952,22.155811878601966,False
312,3,4,0.1,767,833,10,7,309,76.7,0.6718783551836099,0.6718783551836099,22.155811878601966,False
313,3,4,0.2,767,833,14,7,133,54.785714285714285,0.8119461470062215,0.8119461470062215,22.155811878601966,False
314,3,4,0.3,767,833,17,7,109,45.11764705882353,0.8373089932251412,0.8373089932251412,22.155811878601966,False
315,3,4,0.5,767,833,24,7,66,31.958333333333332,0.8590084293020929,0.8590084293020929,22.155811878601966,False
316,3,5,0.05,924,1026,6,13,833,154.0,0.1585587588203778,0.1585587588203778,24.317894645713064,True
317,3,5,0.07,924,1026,10,10,691,92.4,0.3723258628485878,0.3723258628485878,24.317894645713064,True
318,3,5,0.1,924,1026,6,13,303,154.0,0.6427547507495185,0.6427547507495185,24.317894645713064,True
319,3,5,0.2,924,1026,11,13,155,84.0,0.7972695302258246,0.7972695302258246,24.317894645713064,True
320,3,5,0.3,924,1026,14,13,110,66.0,0.8244312590008699,0.8244312590008699,24.317894645713064,True
321,3,5,0.5,924,1026,20,13,72,46.2,0.8426818888242914,0.8426818888242914,24.317894645713064,True
322,3,5,0.8,924,1026,25,13,60,36.96,0.8464446800345022,0.8464446800345022,24.317894645713064,True
323,3,6,0.05,654,716,11,6,521,59.45454545454545,0.30767025061639774,0.30767025061639774,20.458738964071074,False
324,3,6,0.07,654,716,11,6,510,59.45454545454545,0.3305003745201459,0.3305003745201459,20.458738964071074,False
325,3,6,0.1,654,716,11,6,188,59.45454545454545,0.6962329515308514,0.6962329515308514,20.458738964071074,False
326,3,6,0.2,654,716,14,6,140,46.714285714285715,0.7776627992259919,0.7776627992259919,20.458738964071074,False
327,3,6,0.3,654,716,17,6,104,38.470588235294116,0.8114437361505573,0.8114437361505573,20.458738964071074,False
328,3,6,0.5,654,716,21,6,86,31.142857142857142,0.8342085140913207,0.8342085140913207,20.458738964071074,False
329,3,7,0.05,454,498,6,5,386,75.66666666666667,0.22941363848970195,0.22941363848970195,17.045820602130014,False
330,3,7,0.07,454,498,8,5,356,56.75,0.3185775229431784,0.3185775229431784,17.045820602130014,False
331,3,7,0.1,454,498,7,5,231,64.85714285714286,0.5786600216125547,0.5786600216125547,17.045820602130014,False
332,3,7,0.2,454,498,9,5,143,50.44444444444444,0.7123594780729344,0.7123594780729344,17.045820602130014,False
333,3,7,0.3,454,498,13,5,81,34.92307692307692,0.7900759665166693,0.7900759665166693,17.045820602130014,False
334,3,7,0.5,454,498,17,5,63,26.705882352941178,0.8124425412493349,0.8124425412493349,17.045820602130014,False
335,3,7,0.8,454,498,23,5,45,19.73913043478261,0.8207750681440621,0.8207750681440621,17.045820602130014,False
336,3,8,0.05,290,286,15,4,103,19.333333333333332,0.7374871631864641,0.7374871631864641,13.623509092741124,False
337,4,0,0.05,346,349,16,4,245,21.625,0.42574773606128036,0.42574773606128036,14.88086019019062,False
338,4,1,0.05,575,570,25,4,239,23.0,0.7446583564173594,0.7446583564173594,19.18332609325088,False
339,4,2,0.05,831,865,30,4,630,27.7,0.3575575528751376,0.3575575528751376,23.06165648863932,False
340,4,3,0.05,994,1028,25,5,608,39.76,0.5601967857196933,0.5601967857196933,25.222212432695116,False
341,4,3,0.07,994,1028,26,5,333,38.23076923076923,0.7644045519235722,0.7644045519235722,25.222212432695116,False
342,4,4,0.05,1195,1260,36,4,948,33.19444444444444,0.3068099647266308,0.3068099647266308,27.65501762790977,False
343,4,5,0.05,1317,1426,21,6,1116,62.714285714285715,0.235992212349691,0.235992212349691,29.03239569859849,False
344,4,5,0.07,1317,1426,24,6,919,54.875,0.43505922863117175,0.43505922863117175,29.03239569859849,False
345,4,5,0.1,1317,1426,25,6,709,52.68,0.6143394365116672,0.6143394365116672,29.03239569859849,False
346,4,5,0.2,1317,1426,26,6,245,50.65384615384615,0.8217035755524035,0.8217035755524035,29.03239569859849,False
347,4,5,0.3,1317,1426,30,6,165,43.9,0.8495069526269301,0.8495069526269301,29.03239569859849,False
348,4,6,0.05,657,626,48,3,212,13.6875,0.7843641866304645,0.7843641866304645,20.505608988762077,False
349,4,7,0.05,719,760,11,5,509,65.36363636363636,0.43652268005540157,0.43652268005540157,21.45134028446708,False
350,4,7,0.07,719,760,14,5,409,51.357142857142854,0.6002077562326871,0.6002077562326871,21.45134028446708,False
351,4,7,0.1,719,760,14,5,210,51.357142857142854,0.7607998614958451,0.7607998614958451,21.45134028446708,False
352,4,7,0.2,719,760,17,5,118,42.294117647058826,0.8473727493074794,0.8473727493074794,21.45134028446708,False
353,4,7,0.3,719,760,20,5,99,35.95,0.8606215373961221,0.8606215373961221,21.45134028446708,False
354,4,7,0.5,719,760,24,5,87,29.958333333333332,0.871123614958449,0.871123614958449,21.45134028446708,False
355,4,8,0.05,388,412,11,4,304,35.27272727272727,0.31871524177585075,0.31871524177585075,15.758172482873768,False
356,4,8,0.07,388,412,12,4,254,32.333333333333336,0.4808653030445849,0.4808653030445849,15.758172482873768,False
357,4,8,0.1,388,412,13,4,243,29.846153846153847,0.5125217975303988,0.5125217975303988,15.758172482873768,False
358,4,8,0.2,388,412,15,4,91,25.866666666666667,0.7828553586577435,0.7828553586577435,15.758172482873768,False
359,4,8,0.3,388,412,16,4,73,24.25,0.7978426336129701,0.7978426336129701,15.758172482873768,False
