subreddit_id,subreddit,timestep,num_nodes,num_edges,num_communities,modularity,min_comm_size,max_comm_size,mean_comm_size,echogae_eci,debgnn_eci,comm_sizes,echogae_comm_eci,debgnn_comm_eci,echogae_silhouette,debgnn_silhouette,delta_echogae_eci,delta_debgnn_eci
0,brexit,0,29,84,3,0.238,6,13,9.7,0.495,0.519,"[13, 10, 6]","[0.417, 0.608, 0.476]","[0.598, 0.444, 0.474]",-0.1002,-0.0516,,
0,brexit,1,30,79,2,0.213,9,21,15.0,0.539,0.521,"[21, 9]","[0.536, 0.547]","[0.506, 0.555]",0.0223,-0.0218,0.044,0.002
0,brexit,2,31,59,2,0.064,3,28,15.5,0.447,0.51,"[28, 3]","[0.415, 0.742]","[0.502, 0.582]",-0.1576,-0.0454,-0.092,-0.011
0,brexit,3,43,107,4,0.305,4,14,10.8,0.437,0.486,"[14, 13, 12, 4]","[0.429, 0.412, 0.405, 0.642]","[0.509, 0.435, 0.495, 0.544]",-0.2055,-0.1088,-0.01,-0.024
0,brexit,4,53,134,4,0.328,11,14,13.2,0.435,0.489,"[14, 14, 14, 11]","[0.357, 0.699, 0.338, 0.322]","[0.452, 0.538, 0.465, 0.502]",-0.1805,-0.0893,-0.002,0.003
0,brexit,5,71,266,3,0.279,22,26,23.7,0.472,0.484,"[26, 23, 22]","[0.443, 0.61, 0.363]","[0.527, 0.446, 0.474]",-0.0893,-0.0692,0.037,-0.005
0,brexit,6,79,187,2,0.296,36,43,39.5,0.511,0.512,"[43, 36]","[0.51, 0.512]","[0.53, 0.49]",-0.0026,-0.0006,0.039,0.028
0,brexit,7,94,176,2,0.033,4,90,47.0,0.414,0.527,"[90, 4]","[0.4, 0.724]","[0.527, 0.53]",-0.1879,0.0325,-0.097,0.015
0,brexit,8,187,611,6,0.339,12,48,31.2,0.407,0.438,"[48, 38, 34, 32, 23, 12]","[0.364, 0.37, 0.35, 0.424, 0.594, 0.448]","[0.407, 0.474, 0.412, 0.408, 0.464, 0.551]",-0.2123,-0.1525,-0.007,-0.089
0,brexit,9,271,1090,6,0.303,11,70,45.2,0.467,0.46,"[70, 68, 65, 36, 21, 11]","[0.475, 0.446, 0.451, 0.51, 0.492, 0.444]","[0.454, 0.424, 0.48, 0.517, 0.442, 0.453]",-0.0865,-0.0999,0.06,0.022
0,brexit,10,214,555,3,0.014,3,208,71.3,0.362,0.403,"[208, 3, 3]","[0.353, 0.551, 0.777]","[0.397, 0.56, 0.65]",-0.2869,-0.2072,-0.105,-0.057
0,brexit,11,261,943,3,0.017,5,251,87.0,0.436,0.376,"[251, 5, 5]","[0.432, 0.482, 0.59]","[0.369, 0.722, 0.41]",-0.1392,-0.2559,0.074,-0.027
0,brexit,12,330,1414,6,0.277,12,76,55.0,0.468,0.465,"[76, 68, 67, 66, 41, 12]","[0.497, 0.503, 0.478, 0.431, 0.431, 0.372]","[0.489, 0.444, 0.456, 0.445, 0.495, 0.494]",-0.0796,-0.0866,0.032,0.089
0,brexit,13,265,697,2,0.009,4,261,132.5,0.643,0.577,"[261, 4]","[0.645, 0.495]","[0.575, 0.694]",0.2797,0.1493,0.175,0.112
0,brexit,14,307,1196,7,0.3,7,74,43.9,0.448,0.447,"[74, 63, 49, 46, 41, 27, 7]","[0.438, 0.454, 0.52, 0.426, 0.379, 0.491, 0.35]","[0.431, 0.437, 0.438, 0.477, 0.446, 0.446, 0.573]",-0.1243,-0.1265,-0.195,-0.13
0,brexit,15,291,1194,6,0.296,39,61,48.5,0.443,0.462,"[61, 59, 48, 45, 39, 39]","[0.412, 0.425, 0.426, 0.455, 0.429, 0.541]","[0.466, 0.438, 0.441, 0.465, 0.451, 0.527]",-0.1314,-0.0942,-0.005,0.015
0,brexit,16,206,606,2,0.013,5,201,103.0,0.326,0.47,"[201, 5]","[0.314, 0.825]","[0.465, 0.681]",-0.3531,-0.0666,-0.117,0.008
0,brexit,17,257,1007,5,0.295,30,84,51.4,0.45,0.489,"[84, 63, 45, 35, 30]","[0.427, 0.512, 0.389, 0.437, 0.492]","[0.494, 0.482, 0.484, 0.497, 0.488]",-0.1166,-0.0408,0.124,0.019
0,brexit,18,264,947,2,0.004,3,261,132.0,0.383,0.41,"[261, 3]","[0.379, 0.706]","[0.405, 0.809]",-0.2409,-0.1849,-0.067,-0.079
0,brexit,19,265,892,2,0.004,3,262,132.5,0.308,0.405,"[262, 3]","[0.302, 0.839]","[0.401, 0.783]",-0.3879,-0.1945,-0.075,-0.005
0,brexit,20,331,1377,3,0.025,5,312,110.3,0.367,0.442,"[312, 14, 5]","[0.354, 0.624, 0.51]","[0.436, 0.535, 0.574]",-0.2717,-0.1237,0.059,0.037
0,brexit,21,221,542,2,0.022,7,214,110.5,0.576,0.519,"[214, 7]","[0.579, 0.495]","[0.519, 0.521]",0.1449,0.0303,0.209,0.077
0,brexit,22,186,417,3,0.028,3,178,62.0,0.49,0.491,"[178, 5, 3]","[0.487, 0.5, 0.651]","[0.489, 0.612, 0.43]",-0.0344,-0.0297,-0.086,-0.028
1,blacklivesmatter,0,364,328,38,0.799,3,144,9.6,0.452,0.252,"[144, 14, 11, 11, 11, 10, 9, 7, 7, 7, 7, 7, 6, 6, 6, 5, 5, 5, 5, 5, 5, 5, 5, 5, 5, 4, 4, 4, 4, 4, 4, 4, 4, 4, 4, 4, 4, 3]","[0.41, 0.403, 0.43, 0.422, 0.5, 0.407, 0.434, 0.471, 0.489, 0.517, 0.497, 0.486, 0.53, 0.45, 0.509, 0.558, 0.465, 0.495, 0.467, 0.472, 0.448, 0.455, 0.477, 0.491, 0.446, 0.53, 0.533, 0.482, 0.506, 0.592, 0.6, 0.532, 0.51, 0.538, 0.533, 0.442, 0.541, 0.569]","[0.203, 0.23, 0.317, 0.31, 0.258, 0.202, 0.22, 0.227, 0.297, 0.257, 0.246, 0.39, 0.373, 0.207, 0.261, 0.232, 0.255, 0.25, 0.233, 0.213, 0.266, 0.351, 0.29, 0.251, 0.253, 0.27, 0.797, 0.393, 0.248, 0.237, 0.673, 0.365, 0.217, 0.212, 0.235, 0.24, 0.264, 0.325]",-0.1945,-0.5529,,
1,blacklivesmatter,1,200,175,26,0.909,4,43,7.7,0.468,0.261,"[43, 20, 12, 10, 9, 9, 7, 7, 6, 6, 6, 5, 5, 5, 5, 5, 4, 4, 4, 4, 4, 4, 4, 4, 4, 4]","[0.425, 0.429, 0.451, 0.418, 0.437, 0.471, 0.423, 0.475, 0.474, 0.458, 0.505, 0.586, 0.48, 0.448, 0.491, 0.509, 0.465, 0.514, 0.592, 0.558, 0.532, 0.52, 0.506, 0.532, 0.608, 0.543]","[0.179, 0.178, 0.344, 0.226, 0.184, 0.207, 0.311, 0.651, 0.19, 0.229, 0.212, 0.199, 0.238, 0.351, 0.379, 0.259, 0.219, 0.223, 0.206, 0.211, 0.203, 0.191, 0.316, 0.555, 0.518, 0.698]",-0.1874,-0.549,0.016,0.009
1,blacklivesmatter,2,95,77,18,0.938,4,8,5.3,0.497,0.315,"[8, 8, 7, 7, 7, 5, 5, 5, 5, 5, 5, 4, 4, 4, 4, 4, 4, 4]","[0.435, 0.583, 0.452, 0.513, 0.424, 0.556, 0.434, 0.512, 0.504, 0.503, 0.461, 0.491, 0.496, 0.587, 0.494, 0.522, 0.503, 0.532]","[0.254, 0.236, 0.294, 0.293, 0.256, 0.261, 0.475, 0.291, 0.245, 0.247, 0.326, 0.289, 0.26, 0.271, 0.437, 0.427, 0.248, 0.789]",-0.1867,-0.4823,0.029,0.054
1,blacklivesmatter,3,100,88,13,0.864,4,26,7.7,0.453,0.338,"[26, 12, 10, 9, 8, 5, 5, 5, 4, 4, 4, 4, 4]","[0.402, 0.46, 0.384, 0.429, 0.453, 0.475, 0.466, 0.496, 0.595, 0.626, 0.462, 0.454, 0.57]","[0.273, 0.357, 0.327, 0.269, 0.343, 0.338, 0.342, 0.333, 0.784, 0.316, 0.5, 0.312, 0.31]",-0.2121,-0.4085,-0.044,0.023
1,blacklivesmatter,4,97,80,17,0.926,4,12,5.7,0.478,0.383,"[12, 9, 9, 8, 7, 6, 5, 5, 4, 4, 4, 4, 4, 4, 4, 4, 4]","[0.429, 0.446, 0.439, 0.442, 0.423, 0.468, 0.488, 0.448, 0.527, 0.501, 0.634, 0.517, 0.572, 0.514, 0.478, 0.54, 0.534]","[0.572, 0.339, 0.297, 0.324, 0.299, 0.306, 0.312, 0.337, 0.436, 0.368, 0.422, 0.301, 0.401, 0.658, 0.379, 0.325, 0.402]",-0.2097,-0.3599,0.025,0.045
1,blacklivesmatter,5,84,74,10,0.844,4,23,8.4,0.487,0.446,"[23, 12, 11, 7, 7, 6, 6, 4, 4, 4]","[0.453, 0.478, 0.468, 0.497, 0.496, 0.513, 0.485, 0.603, 0.556, 0.52]","[0.423, 0.414, 0.422, 0.542, 0.462, 0.449, 0.428, 0.447, 0.491, 0.531]",-0.1416,-0.2141,0.009,0.063
1,blacklivesmatter,6,30,24,6,0.819,4,7,5.0,0.516,0.448,"[7, 6, 5, 4, 4, 4]","[0.464, 0.553, 0.392, 0.6, 0.686, 0.454]","[0.377, 0.41, 0.426, 0.569, 0.433, 0.548]",-0.134,-0.2705,0.029,0.002
1,blacklivesmatter,7,21,16,5,0.797,4,5,4.2,0.509,0.471,"[5, 4, 4, 4, 4]","[0.588, 0.504, 0.393, 0.447, 0.591]","[0.439, 0.445, 0.428, 0.619, 0.432]",-0.1918,-0.2637,-0.007,0.023
1,blacklivesmatter,8,19,15,4,0.72,4,7,4.8,0.509,0.468,"[7, 4, 4, 4]","[0.46, 0.541, 0.524, 0.548]","[0.378, 0.544, 0.602, 0.416]",-0.1762,-0.2313,0.0,-0.003
1,blacklivesmatter,9,74,61,13,0.901,4,12,5.7,0.489,0.312,"[12, 9, 9, 5, 5, 5, 5, 4, 4, 4, 4, 4, 4]","[0.409, 0.439, 0.5, 0.585, 0.578, 0.457, 0.459, 0.479, 0.484, 0.52, 0.5, 0.522, 0.604]","[0.249, 0.233, 0.24, 0.249, 0.326, 0.264, 0.292, 0.447, 0.271, 0.288, 0.85, 0.459, 0.235]",-0.1874,-0.4751,-0.02,-0.156
2,climate,0,84,98,4,0.207,4,70,21.0,0.491,0.354,"[70, 6, 4, 4]","[0.473, 0.53, 0.602, 0.637]","[0.306, 0.581, 0.626, 0.579]",-0.0646,-0.3304,,
2,climate,1,73,83,2,0.287,16,57,36.5,0.532,0.516,"[57, 16]","[0.533, 0.529]","[0.511, 0.531]",0.0392,0.0074,0.041,0.162
2,climate,2,101,105,4,0.178,4,88,25.2,0.478,0.402,"[88, 5, 4, 4]","[0.461, 0.562, 0.587, 0.617]","[0.389, 0.373, 0.617, 0.514]",-0.083,-0.228,-0.054,-0.114
2,climate,3,81,80,3,0.142,4,73,27.0,0.504,0.393,"[73, 4, 4]","[0.498, 0.56, 0.555]","[0.369, 0.572, 0.646]",-0.0302,-0.2406,0.026,-0.009
2,climate,4,81,87,3,0.151,4,72,27.0,0.508,0.436,"[72, 5, 4]","[0.488, 0.532, 0.832]","[0.422, 0.56, 0.539]",-0.013,-0.1601,0.004,0.043
2,climate,5,66,69,2,0.083,4,62,33.0,0.519,0.505,"[62, 4]","[0.515, 0.579]","[0.502, 0.558]",0.0071,-0.0192,0.011,0.069
2,climate,6,101,94,7,0.531,4,64,14.4,0.473,0.351,"[64, 9, 8, 6, 5, 5, 4]","[0.437, 0.521, 0.493, 0.556, 0.556, 0.556, 0.555]","[0.302, 0.315, 0.603, 0.577, 0.336, 0.396, 0.33]",-0.1231,-0.346,-0.046,-0.154
2,climate,7,179,175,8,0.387,4,133,22.4,0.45,0.29,"[133, 13, 8, 7, 6, 4, 4, 4]","[0.436, 0.437, 0.478, 0.504, 0.48, 0.562, 0.527, 0.597]","[0.249, 0.243, 0.416, 0.51, 0.38, 0.399, 0.303, 0.885]",-0.1421,-0.4492,-0.023,-0.061
2,climate,8,103,93,11,0.642,4,54,9.4,0.466,0.357,"[54, 9, 6, 6, 4, 4, 4, 4, 4, 4, 4]","[0.425, 0.482, 0.482, 0.481, 0.505, 0.502, 0.594, 0.498, 0.553, 0.604, 0.473]","[0.302, 0.309, 0.333, 0.354, 0.474, 0.518, 0.701, 0.505, 0.405, 0.363, 0.42]",-0.1711,-0.3697,0.016,0.067
2,climate,9,72,67,7,0.753,4,24,10.3,0.482,0.394,"[24, 20, 10, 6, 4, 4, 4]","[0.443, 0.434, 0.489, 0.535, 0.577, 0.748, 0.505]","[0.333, 0.341, 0.473, 0.61, 0.393, 0.44, 0.455]",-0.1246,-0.2892,0.016,0.037
2,climate,10,74,73,5,0.378,4,54,14.8,0.469,0.433,"[54, 6, 5, 5, 4]","[0.441, 0.547, 0.491, 0.546, 0.605]","[0.408, 0.507, 0.553, 0.439, 0.502]",-0.1285,-0.1947,-0.013,0.039
2,climate,11,42,37,5,0.717,4,17,8.4,0.503,0.462,"[17, 10, 6, 5, 4]","[0.467, 0.478, 0.54, 0.566, 0.583]","[0.408, 0.52, 0.436, 0.562, 0.457]",-0.1083,-0.1802,0.034,0.029
2,climate,12,87,76,11,0.841,4,22,7.9,0.487,0.403,"[22, 18, 10, 6, 5, 5, 5, 4, 4, 4, 4]","[0.439, 0.488, 0.478, 0.469, 0.49, 0.479, 0.519, 0.61, 0.619, 0.515, 0.48]","[0.371, 0.365, 0.385, 0.44, 0.398, 0.41, 0.404, 0.405, 0.489, 0.553, 0.496]",-0.1484,-0.2995,-0.016,-0.059
2,climate,13,68,59,9,0.814,4,21,7.6,0.484,0.387,"[21, 11, 10, 5, 5, 4, 4, 4, 4]","[0.431, 0.447, 0.476, 0.476, 0.627, 0.477, 0.677, 0.518, 0.497]","[0.336, 0.367, 0.338, 0.376, 0.526, 0.523, 0.37, 0.466, 0.481]",-0.1548,-0.3313,-0.003,-0.016
2,climate,14,102,90,12,0.851,4,29,8.5,0.486,0.367,"[29, 13, 9, 8, 7, 7, 6, 6, 5, 4, 4, 4]","[0.442, 0.483, 0.46, 0.616, 0.49, 0.489, 0.53, 0.424, 0.522, 0.482, 0.507, 0.564]","[0.302, 0.299, 0.343, 0.608, 0.301, 0.299, 0.484, 0.424, 0.404, 0.387, 0.595, 0.314]",-0.1401,-0.3525,0.002,-0.02
2,climate,15,174,171,9,0.659,4,86,19.3,0.457,0.384,"[86, 35, 21, 7, 7, 5, 5, 4, 4]","[0.442, 0.454, 0.452, 0.46, 0.464, 0.499, 0.475, 0.631, 0.585]","[0.365, 0.355, 0.42, 0.457, 0.366, 0.522, 0.384, 0.555, 0.43]",-0.1337,-0.2735,-0.029,0.017
2,climate,16,174,175,8,0.352,4,132,21.8,0.459,0.285,"[132, 13, 6, 5, 5, 5, 4, 4]","[0.441, 0.446, 0.487, 0.517, 0.575, 0.581, 0.569, 0.543]","[0.263, 0.287, 0.237, 0.326, 0.245, 0.254, 0.889, 0.495]",-0.1276,-0.4551,0.002,-0.099
2,climate,17,309,333,7,0.191,4,269,44.1,0.457,0.368,"[269, 14, 7, 6, 5, 4, 4]","[0.448, 0.442, 0.545, 0.534, 0.579, 0.586, 0.532]","[0.358, 0.372, 0.373, 0.387, 0.501, 0.731, 0.414]",-0.1087,-0.2825,-0.002,0.083
2,climate,18,426,440,18,0.284,4,341,23.7,0.421,0.317,"[341, 11, 6, 5, 5, 5, 5, 5, 5, 5, 5, 4, 4, 4, 4, 4, 4, 4]","[0.398, 0.436, 0.5, 0.499, 0.501, 0.57, 0.575, 0.507, 0.533, 0.455, 0.532, 0.478, 0.55, 0.501, 0.533, 0.6, 0.511, 0.515]","[0.299, 0.35, 0.359, 0.366, 0.336, 0.338, 0.333, 0.511, 0.344, 0.342, 0.507, 0.445, 0.416, 0.336, 0.424, 0.643, 0.331, 0.361]",-0.1997,-0.3975,-0.036,-0.051
2,climate,19,400,439,10,0.14,4,359,40.0,0.419,0.386,"[359, 7, 5, 5, 4, 4, 4, 4, 4, 4]","[0.408, 0.5, 0.582, 0.545, 0.56, 0.519, 0.511, 0.496, 0.499, 0.472]","[0.378, 0.42, 0.42, 0.41, 0.548, 0.43, 0.487, 0.498, 0.496, 0.441]",-0.1851,-0.2511,-0.002,0.069
2,climate,20,360,358,19,0.427,4,254,18.9,0.43,0.311,"[254, 15, 8, 8, 7, 6, 6, 6, 5, 5, 5, 5, 5, 5, 4, 4, 4, 4, 4]","[0.405, 0.449, 0.471, 0.485, 0.505, 0.479, 0.475, 0.439, 0.508, 0.567, 0.563, 0.469, 0.484, 0.473, 0.57, 0.524, 0.533, 0.418, 0.542]","[0.283, 0.289, 0.33, 0.42, 0.378, 0.377, 0.291, 0.316, 0.541, 0.537, 0.375, 0.417, 0.318, 0.312, 0.367, 0.44, 0.628, 0.339, 0.409]",-0.1893,-0.417,0.011,-0.075
2,climate,21,223,206,20,0.633,4,121,11.2,0.436,0.308,"[121, 11, 9, 7, 7, 7, 5, 5, 5, 5, 5, 4, 4, 4, 4, 4, 4, 4, 4, 4]","[0.394, 0.444, 0.442, 0.446, 0.486, 0.425, 0.454, 0.482, 0.465, 0.487, 0.494, 0.493, 0.577, 0.45, 0.567, 0.468, 0.523, 0.581, 0.636, 0.518]","[0.286, 0.262, 0.37, 0.399, 0.778, 0.248, 0.268, 0.262, 0.262, 0.275, 0.276, 0.295, 0.296, 0.462, 0.298, 0.299, 0.292, 0.279, 0.32, 0.268]",-0.2121,-0.4367,0.006,-0.003
2,climate,22,245,243,11,0.286,4,197,22.3,0.437,0.34,"[197, 7, 6, 5, 5, 5, 4, 4, 4, 4, 4]","[0.419, 0.452, 0.461, 0.493, 0.513, 0.604, 0.469, 0.504, 0.553, 0.519, 0.553]","[0.311, 0.369, 0.48, 0.511, 0.455, 0.546, 0.485, 0.433, 0.435, 0.423, 0.463]",-0.1695,-0.3579,0.001,0.032
2,climate,23,302,298,13,0.288,4,243,23.2,0.423,0.317,"[243, 8, 6, 6, 5, 5, 5, 4, 4, 4, 4, 4, 4]","[0.402, 0.461, 0.493, 0.444, 0.476, 0.532, 0.528, 0.558, 0.465, 0.605, 0.508, 0.518, 0.622]","[0.295, 0.311, 0.314, 0.378, 0.361, 0.374, 0.337, 0.322, 0.776, 0.479, 0.457, 0.48, 0.489]",-0.1942,-0.3984,-0.014,-0.023
2,climate,24,194,182,15,0.52,4,123,12.9,0.445,0.312,"[123, 9, 6, 6, 6, 6, 5, 5, 4, 4, 4, 4, 4, 4, 4]","[0.404, 0.445, 0.49, 0.491, 0.574, 0.603, 0.504, 0.525, 0.491, 0.542, 0.468, 0.472, 0.468, 0.631, 0.542]","[0.288, 0.357, 0.244, 0.291, 0.28, 0.281, 0.837, 0.259, 0.275, 0.447, 0.303, 0.434, 0.441, 0.305, 0.264]",-0.184,-0.4238,0.022,-0.005
2,climate,25,170,166,9,0.455,4,117,18.9,0.451,0.381,"[117, 15, 11, 6, 5, 4, 4, 4, 4]","[0.43, 0.45, 0.451, 0.483, 0.524, 0.636, 0.503, 0.569, 0.585]","[0.359, 0.401, 0.4, 0.434, 0.429, 0.516, 0.498, 0.497, 0.407]",-0.1486,-0.2824,0.006,0.069
3,democrats,0,886,961,16,0.111,4,816,55.4,0.413,0.26,"[816, 7, 6, 6, 5, 5, 5, 4, 4, 4, 4, 4, 4, 4, 4, 4]","[0.407, 0.438, 0.433, 0.502, 0.545, 0.493, 0.438, 0.545, 0.667, 0.536, 0.508, 0.475, 0.453, 0.498, 0.473, 0.45]","[0.254, 0.247, 0.295, 0.297, 0.302, 0.241, 0.25, 0.321, 0.299, 0.826, 0.291, 0.258, 0.289, 0.29, 0.285, 0.515]",-0.1898,-0.4901,,
3,democrats,1,1044,1265,17,0.097,4,965,61.4,0.382,0.257,"[965, 9, 8, 6, 6, 5, 5, 4, 4, 4, 4, 4, 4, 4, 4, 4, 4]","[0.375, 0.42, 0.474, 0.46, 0.446, 0.4, 0.469, 0.425, 0.466, 0.514, 0.476, 0.675, 0.447, 0.545, 0.408, 0.493, 0.433]","[0.251, 0.237, 0.332, 0.464, 0.333, 0.245, 0.238, 0.25, 0.439, 0.421, 0.245, 0.25, 0.43, 0.279, 0.842, 0.271, 0.238]",-0.2502,-0.4947,-0.031,-0.003
3,democrats,2,1102,1312,13,0.069,4,1044,84.8,0.373,0.301,"[1044, 7, 7, 6, 5, 5, 4, 4, 4, 4, 4, 4, 4]","[0.367, 0.515, 0.476, 0.475, 0.378, 0.46, 0.576, 0.513, 0.552, 0.495, 0.58, 0.513, 0.357]","[0.296, 0.323, 0.321, 0.313, 0.642, 0.549, 0.317, 0.332, 0.409, 0.389, 0.458, 0.377, 0.397]",-0.2638,-0.4068,-0.009,0.044
3,democrats,3,824,970,8,0.053,4,791,103.0,0.445,0.308,"[791, 7, 6, 4, 4, 4, 4, 4]","[0.441, 0.586, 0.49, 0.497, 0.523, 0.561, 0.58, 0.506]","[0.304, 0.371, 0.308, 0.287, 0.37, 0.33, 0.884, 0.335]",-0.1202,-0.3894,0.072,0.007
3,democrats,4,858,904,27,0.239,4,716,31.8,0.414,0.298,"[716, 10, 9, 9, 9, 7, 7, 7, 5, 5, 5, 5, 5, 5, 5, 5, 4, 4, 4, 4, 4, 4, 4, 4, 4, 4, 4]","[0.398, 0.467, 0.47, 0.471, 0.449, 0.472, 0.53, 0.462, 0.475, 0.462, 0.456, 0.537, 0.495, 0.452, 0.465, 0.549, 0.534, 0.501, 0.443, 0.578, 0.467, 0.559, 0.508, 0.543, 0.671, 0.464, 0.587]","[0.283, 0.291, 0.326, 0.381, 0.37, 0.318, 0.316, 0.325, 0.319, 0.381, 0.475, 0.284, 0.409, 0.503, 0.669, 0.368, 0.341, 0.347, 0.394, 0.315, 0.548, 0.432, 0.419, 0.309, 0.328, 0.445, 0.306]",-0.2008,-0.426,-0.031,-0.01
3,democrats,5,1049,1123,30,0.184,4,911,35.0,0.408,0.225,"[911, 13, 7, 5, 5, 5, 5, 5, 5, 5, 5, 5, 5, 4, 4, 4, 4, 4, 4, 4, 4, 4, 4, 4, 4, 4, 4, 4, 4, 4]","[0.394, 0.413, 0.444, 0.472, 0.458, 0.515, 0.561, 0.51, 0.502, 0.495, 0.47, 0.5, 0.468, 0.502, 0.496, 0.466, 0.46, 0.549, 0.541, 0.494, 0.494, 0.569, 0.521, 0.481, 0.6, 0.589, 0.534, 0.557, 0.59, 0.552]","[0.212, 0.265, 0.306, 0.241, 0.412, 0.247, 0.42, 0.534, 0.221, 0.209, 0.639, 0.207, 0.528, 0.33, 0.348, 0.238, 0.242, 0.215, 0.214, 0.262, 0.233, 0.248, 0.232, 0.23, 0.372, 0.23, 0.229, 0.216, 0.276, 0.643]",-0.2119,-0.5665,-0.006,-0.073
3,democrats,6,744,785,28,0.258,4,608,26.6,0.403,0.22,"[608, 11, 8, 8, 7, 6, 6, 5, 5, 5, 5, 5, 5, 4, 4, 4, 4, 4, 4, 4, 4, 4, 4, 4, 4, 4, 4, 4]","[0.384, 0.427, 0.401, 0.456, 0.426, 0.419, 0.501, 0.541, 0.441, 0.46, 0.458, 0.587, 0.491, 0.51, 0.507, 0.512, 0.581, 0.631, 0.571, 0.567, 0.485, 0.516, 0.494, 0.424, 0.521, 0.473, 0.551, 0.576]","[0.206, 0.258, 0.305, 0.259, 0.219, 0.211, 0.281, 0.193, 0.258, 0.185, 0.249, 0.202, 0.27, 0.226, 0.231, 0.242, 0.862, 0.235, 0.237, 0.712, 0.462, 0.347, 0.238, 0.224, 0.244, 0.239, 0.212, 0.224]",-0.2289,-0.5793,-0.005,-0.005
3,democrats,7,501,534,16,0.218,4,424,31.3,0.422,0.339,"[424, 13, 6, 6, 5, 5, 5, 5, 4, 4, 4, 4, 4, 4, 4, 4]","[0.406, 0.478, 0.45, 0.504, 0.533, 0.614, 0.487, 0.499, 0.552, 0.516, 0.53, 0.548, 0.463, 0.512, 0.499, 0.5]","[0.326, 0.339, 0.41, 0.389, 0.572, 0.384, 0.362, 0.384, 0.377, 0.461, 0.469, 0.433, 0.508, 0.456, 0.371, 0.45]",-0.1876,-0.3476,0.019,0.119
3,democrats,8,294,289,14,0.389,4,217,21.0,0.447,0.316,"[217, 12, 10, 9, 6, 5, 5, 5, 5, 4, 4, 4, 4, 4]","[0.426, 0.437, 0.476, 0.506, 0.489, 0.456, 0.513, 0.543, 0.493, 0.602, 0.588, 0.581, 0.539, 0.553]","[0.292, 0.292, 0.639, 0.341, 0.313, 0.345, 0.37, 0.339, 0.303, 0.444, 0.335, 0.354, 0.509, 0.374]",-0.1522,-0.4006,0.025,-0.023
4,republican,0,362,361,19,0.411,4,259,19.1,0.446,0.338,"[259, 16, 8, 8, 6, 6, 6, 6, 5, 5, 5, 4, 4, 4, 4, 4, 4, 4, 4]","[0.423, 0.457, 0.452, 0.499, 0.473, 0.54, 0.499, 0.481, 0.554, 0.506, 0.547, 0.53, 0.549, 0.469, 0.522, 0.49, 0.611, 0.562, 0.482]","[0.318, 0.322, 0.352, 0.342, 0.411, 0.338, 0.37, 0.344, 0.363, 0.516, 0.533, 0.423, 0.464, 0.429, 0.441, 0.38, 0.444, 0.379, 0.378]",-0.16,-0.3656,,
4,republican,1,583,576,25,0.468,4,401,23.3,0.428,0.337,"[401, 28, 14, 14, 14, 10, 9, 8, 8, 7, 7, 6, 6, 5, 5, 5, 4, 4, 4, 4, 4, 4, 4, 4, 4]","[0.409, 0.418, 0.428, 0.432, 0.416, 0.468, 0.47, 0.472, 0.464, 0.518, 0.465, 0.484, 0.462, 0.499, 0.41, 0.473, 0.524, 0.617, 0.479, 0.474, 0.541, 0.527, 0.586, 0.578, 0.586]","[0.32, 0.319, 0.331, 0.426, 0.335, 0.318, 0.343, 0.359, 0.33, 0.35, 0.436, 0.424, 0.459, 0.384, 0.367, 0.4, 0.473, 0.496, 0.376, 0.45, 0.405, 0.391, 0.617, 0.362, 0.333]",-0.1852,-0.3589,-0.018,-0.001
4,republican,2,883,904,41,0.359,4,663,21.5,0.398,0.249,"[663, 18, 9, 9, 8, 8, 8, 7, 7, 7, 6, 6, 6, 6, 6, 5, 5, 5, 5, 5, 4, 4, 4, 4, 4, 4, 4, 4, 4, 4, 4, 4, 4, 4, 4, 4, 4, 4, 4, 4, 4]","[0.374, 0.398, 0.403, 0.388, 0.461, 0.417, 0.441, 0.419, 0.509, 0.44, 0.487, 0.51, 0.456, 0.444, 0.527, 0.486, 0.44, 0.473, 0.397, 0.487, 0.533, 0.521, 0.517, 0.5, 0.441, 0.5, 0.53, 0.536, 0.574, 0.418, 0.668, 0.498, 0.483, 0.492, 0.534, 0.427, 0.448, 0.527, 0.54, 0.616, 0.478]","[0.235, 0.273, 0.273, 0.261, 0.217, 0.219, 0.217, 0.235, 0.293, 0.517, 0.322, 0.233, 0.257, 0.262, 0.254, 0.294, 0.269, 0.28, 0.31, 0.211, 0.248, 0.81, 0.247, 0.273, 0.303, 0.268, 0.27, 0.258, 0.255, 0.392, 0.256, 0.316, 0.267, 0.233, 0.269, 0.447, 0.232, 0.231, 0.407, 0.442, 0.41]",-0.2478,-0.5271,-0.03,-0.088
4,republican,3,1034,1058,32,0.263,4,854,32.3,0.422,0.21,"[854, 13, 12, 10, 9, 7, 7, 7, 6, 6, 6, 6, 6, 5, 5, 5, 5, 5, 5, 5, 5, 5, 4, 4, 4, 4, 4, 4, 4, 4, 4, 4]","[0.407, 0.428, 0.43, 0.469, 0.465, 0.531, 0.488, 0.466, 0.541, 0.449, 0.532, 0.538, 0.543, 0.497, 0.471, 0.514, 0.506, 0.521, 0.487, 0.54, 0.573, 0.507, 0.564, 0.518, 0.504, 0.49, 0.486, 0.536, 0.507, 0.552, 0.471, 0.45]","[0.195, 0.21, 0.195, 0.214, 0.25, 0.288, 0.228, 0.201, 0.271, 0.311, 0.256, 0.198, 0.205, 0.335, 0.194, 0.254, 0.198, 0.211, 0.321, 0.239, 0.786, 0.39, 0.204, 0.229, 0.231, 0.49, 0.269, 0.319, 0.211, 0.658, 0.193, 0.664]",-0.186,-0.5971,0.024,-0.039
4,republican,4,1267,1314,52,0.332,4,975,24.4,0.412,0.231,"[975, 18, 16, 13, 12, 10, 10, 7, 7, 6, 6, 6, 6, 6, 6, 6, 5, 5, 5, 5, 5, 5, 5, 5, 5, 5, 5, 5, 5, 4, 4, 4, 4, 4, 4, 4, 4, 4, 4, 4, 4, 4, 4, 4, 4, 4, 4, 4, 4, 4, 4, 4]","[0.393, 0.407, 0.404, 0.447, 0.438, 0.444, 0.43, 0.445, 0.457, 0.447, 0.468, 0.467, 0.448, 0.442, 0.493, 0.514, 0.519, 0.457, 0.485, 0.552, 0.419, 0.463, 0.496, 0.509, 0.543, 0.494, 0.531, 0.429, 0.503, 0.516, 0.591, 0.546, 0.508, 0.491, 0.547, 0.468, 0.503, 0.519, 0.561, 0.52, 0.542, 0.478, 0.497, 0.478, 0.513, 0.456, 0.531, 0.502, 0.49, 0.488, 0.539, 0.511]","[0.215, 0.216, 0.246, 0.203, 0.253, 0.404, 0.224, 0.249, 0.307, 0.26, 0.211, 0.268, 0.279, 0.3, 0.261, 0.198, 0.224, 0.266, 0.39, 0.23, 0.201, 0.239, 0.254, 0.234, 0.2, 0.275, 0.212, 0.489, 0.257, 0.341, 0.339, 0.252, 0.249, 0.442, 0.256, 0.199, 0.338, 0.334, 0.662, 0.237, 0.256, 0.226, 0.37, 0.512, 0.365, 0.247, 0.217, 0.247, 0.233, 0.698, 0.342, 0.244]",-0.2153,-0.5616,-0.01,0.021
4,republican,5,1462,1538,49,0.249,4,1208,29.8,0.384,0.208,"[1208, 13, 12, 8, 7, 7, 7, 7, 6, 6, 6, 6, 6, 6, 6, 6, 6, 6, 5, 5, 5, 5, 5, 5, 5, 5, 5, 4, 4, 4, 4, 4, 4, 4, 4, 4, 4, 4, 4, 4, 4, 4, 4, 4, 4, 4, 4, 4, 4]","[0.368, 0.391, 0.407, 0.46, 0.417, 0.398, 0.445, 0.436, 0.433, 0.475, 0.412, 0.447, 0.51, 0.448, 0.429, 0.463, 0.372, 0.399, 0.428, 0.511, 0.434, 0.4, 0.558, 0.429, 0.555, 0.504, 0.524, 0.496, 0.478, 0.539, 0.461, 0.45, 0.471, 0.513, 0.514, 0.54, 0.519, 0.471, 0.503, 0.418, 0.585, 0.522, 0.471, 0.367, 0.455, 0.515, 0.525, 0.527, 0.573]","[0.193, 0.185, 0.259, 0.201, 0.205, 0.211, 0.178, 0.191, 0.191, 0.216, 0.58, 0.395, 0.381, 0.211, 0.237, 0.201, 0.271, 0.277, 0.262, 0.359, 0.26, 0.37, 0.22, 0.207, 0.361, 0.389, 0.179, 0.644, 0.203, 0.658, 0.357, 0.224, 0.201, 0.359, 0.268, 0.203, 0.347, 0.243, 0.339, 0.192, 0.222, 0.203, 0.195, 0.329, 0.325, 0.21, 0.201, 0.199, 0.603]",-0.2623,-0.6032,-0.028,-0.023
4,republican,6,633,610,39,0.566,4,385,16.2,0.436,0.233,"[385, 16, 14, 12, 11, 10, 9, 9, 9, 8, 8, 7, 7, 7, 7, 7, 6, 6, 6, 6, 6, 5, 5, 5, 5, 5, 4, 4, 4, 4, 4, 4, 4, 4, 4, 4, 4, 4, 4]","[0.406, 0.446, 0.441, 0.43, 0.455, 0.463, 0.479, 0.45, 0.455, 0.454, 0.473, 0.452, 0.504, 0.499, 0.469, 0.457, 0.54, 0.479, 0.505, 0.465, 0.482, 0.469, 0.56, 0.536, 0.537, 0.544, 0.532, 0.501, 0.5, 0.525, 0.484, 0.567, 0.526, 0.489, 0.534, 0.474, 0.55, 0.559, 0.576]","[0.21, 0.208, 0.231, 0.283, 0.219, 0.216, 0.436, 0.189, 0.348, 0.216, 0.225, 0.228, 0.28, 0.195, 0.2, 0.218, 0.21, 0.195, 0.384, 0.266, 0.205, 0.215, 0.208, 0.273, 0.213, 0.371, 0.244, 0.254, 0.215, 0.65, 0.233, 0.263, 0.329, 0.258, 0.503, 0.364, 0.235, 0.821, 0.232]",-0.1863,-0.5657,0.052,0.025
4,republican,7,797,819,27,0.212,4,679,29.5,0.405,0.256,"[679, 7, 7, 6, 5, 5, 5, 5, 5, 5, 4, 4, 4, 4, 4, 4, 4, 4, 4, 4, 4, 4, 4, 4, 4, 4, 4]","[0.387, 0.431, 0.479, 0.477, 0.555, 0.555, 0.478, 0.537, 0.496, 0.452, 0.508, 0.466, 0.527, 0.497, 0.497, 0.472, 0.517, 0.508, 0.515, 0.49, 0.637, 0.546, 0.597, 0.501, 0.501, 0.485, 0.505]","[0.239, 0.337, 0.831, 0.329, 0.416, 0.276, 0.297, 0.311, 0.248, 0.476, 0.414, 0.45, 0.449, 0.292, 0.239, 0.265, 0.28, 0.476, 0.293, 0.269, 0.273, 0.27, 0.262, 0.392, 0.275, 0.279, 0.323]",-0.2233,-0.5088,-0.031,0.023
4,republican,8,396,418,12,0.219,4,336,33.0,0.444,0.316,"[336, 9, 7, 7, 6, 5, 5, 5, 4, 4, 4, 4]","[0.43, 0.457, 0.497, 0.487, 0.488, 0.492, 0.477, 0.548, 0.573, 0.596, 0.632, 0.582]","[0.303, 0.339, 0.316, 0.316, 0.389, 0.372, 0.592, 0.292, 0.335, 0.341, 0.322, 0.813]",-0.1421,-0.388,0.039,0.06
